Name,Socket,Chipset,MaxRAMSpeed,MemoryType,SupportedStorageInterfaces,SupportedFormFactors,Formfactor
Asrock Fatal1ty X399 Professional Gaming,TR4,AMD X399,3200 MHz,DDR4,"SATA III, PCIe NVMe",M.2,ATX
Asrock H110M-ITX/ac,LGA 1151,Intel H110,DDR4 2133 MHz,DDR4,"SATA III (6Gb/s), M.2 (PCIe)","mSATA, Micro-ATX, Mini-ITX",Micro-ATX
MSI Z270 Tomahawk Arctic,LGA 1151,Intel Z270,DDR4-3200,DDR4,"SATA, PCIe NVMe","2.5"", 3.5""",ATX
MSI B350M Pro-VD Plus,AM4,AMD B350,DDR4 3200 MHz,DDR4 SDRAM,"SATA III, M.2 (NVMe), PCIe x2",,Micro-ATX
Asrock H310M-STX/COM,LGA 1151,Intel H310,DDR4 2666,DDR4,"SATA III, M.2","M.2 (SATA and PCIe), UFS",Mini-STX
Asrock H270M-ITX/ac,LGA 1151,Intel H270,DDR4 2400MHz,DDR4,"SATA III, M.2 (NVMe/SATA)",,Mini-ITX
MSI Z370 Krait Gaming,LGA 1151,Intel Z370,2400 MHz (Note: The maximum RAM speed supported by this motherboard is DDR4-2400),DDR4,"SATA III, PCIe NVMe",,ATX
Asrock X370 Killer SLI,AM4,AMD X370,3200MHz ( DDR4 RAM speed),DDR4,"SATA III, PCIe x4, M.2 (NVMe), USB-C","2.5-inch HDD, mSATA SSD, M.2 SSD",ATX
MSI Z170A Tomahawk,LGA 1151,Intel Z170,DDR4-3200,DDR4,"SATA III, PCIe NVMe, M.2, USB-C, eSATA","M.2, U.2, SATA III",ATX
Asrock X370M-HDV,AM4,AMD X370,3200 MHz,DDR4,"SATA III, M.2 NVMe, PCIe x2 NVMe","2.5-inch HDD, M.2 SSD",Micro-ATX
Asus TUF X299 Mark 1,LGA 2066,Intel X299,"DDR4 4400MHz (OC), DDR4 2133MHz (Standard)",DDR4,"SATA III, M.2 NVMe, U.2 NVMe, PCIe x4","2.5"" HDD, 2.5"" SSHD, M.2 NVMe SSD, U.2 NVMe SSD",ATX
Asus ROG Strix Z370-G Gaming (Wi-Fi AC),LGA 1151,Intel Z370,DDR4 3200,,"M.2 NVMe, SATA III, U.2","M.2, SATA, U.2",Micro-ATX
Gigabyte GA-970A-UD3 Rev. 1.2,AM3+,AMD 970,DDR3-1866 (or 1333 MHz with CPU Governor),DDR3,"SATA III, AHCI, PCIe x4","2.5"" HDD, M.2 SSD",ATX
Asrock X99 Extreme4/3.1,LGA 2011-3,Intel X99,DDR4 3000MHz,DDR4,"SATA III, M.2, U.2","2.5"", 3.5""",ATX
MSI X399 SLI Plus,TR4,AMD X399,3200MHz,DDR4,"SATA III, M.2 NVMe","PCIe, M.2",ATX
Gigabyte GA-B250M-Gaming 5,LGA 1151,Intel B250,DDR4 2400MHz,DDR4,"SATA III, M.2 NVMe, PCIe NVMe","2.5-inch drive, M.2 drive, mSATA drive",Micro-ATX
Asrock Z170M Extreme4,LGA 1151,Intel Z170,3866 MHz (OC),DDR4,"SATA III, M.2, PCIe NVMe","2.5"", 3.5""",Micro-ATX
Asus ROG Strix B360-H Gaming,LGA 1151,Intel B360,DDR4 2400,DDR4 SDRAM,"SATA III, M.2 NVMe, M.2 SATA","2.5"", mSATA",ATX
Biostar H110M-BTC,LGA 1151,Intel H110,DDR4-2400,DDR4,"SATA III, PCIe NVMe","2.5""",Micro-ATX
MSI Z270M Mortar,LGA 1151,Intel Z270,DDR4 3200,DDR4,"SATA III, M.2 NVMe, PCIe x4","2.5"", 3.5""",Micro-ATX
ECS B350AM4-M2,AM4,AMD B350,3200MHz,DDR4,"SATA III, PCIe NVMe",,Micro-ATX
Asus ROG Rampage V Edition 10,LGA 2011-3,Intel X99,DDR4 3000MHz,DDR4,"SATA III, PCIe M.2, USB-C","2.5"", 3.5""",E-ATX
MSI Z97-G45 Gaming,LGA 1150,Intel Z97,1600MHz (since it's a Z97 chipset),DDR3,"SATA III, PCIe, M.2","2.5"" HDD, M.2 SSD",ATX
Asus Prime B365M-K,LGA 1151,Intel B365,DDR4 2400,DDR4,"SATA III, M.2 (Key E)","2.5"", M.2",Micro-ATX
Asrock A320M-ITX,AM4,AMD A320,3200MHz (assuming dual-channel DDR4),DDR4,"SATA III, M.2 NVMe/SATA","M.2, Mini-ITX",Mini-ITX
Asrock X570 Steel Legend,AM4,AMD X570,4600 MHz,DDR4/DDR5,"M.2 NVMe, SATA III, UFS","2.5-inch HDD, M.2 SSD, mSATA SSD",ATX
Gigabyte GA-Z170X-Gaming 7 Rev. 1.1,LGA 1151,Intel Z170,DDR4 2400/2133 MHz (OC),DDR4 SDRAM,"SATA III, PCIe NVMe, M.2","M.2, U.2, SATA Express",ATX
Asus B150M-K D3,LGA 1151,Intel B150,DDR4 2400 (or 2133 MHz OC),DDR4 SDRAM,"SATA III, M.2, PCIe NVMe",,Micro-ATX
Asrock Z170 OC Formula,LGA 1151,Intel Z170,2400MHz (or PC4-19200),DDR4 SDRAM,"SATA III, M.2 NVMe/SATA, UFS","2.5"" HDD, M.2 SSD",ATX
MSI Z370 Godlike Gaming,LGA 1151,Intel Z370,DDR4 4600MHz,DDR4,"SATA III, PCIe NVMe","HDD, SSD",E-ATX
Asrock Fatal1ty X299 Professional Gaming i9 XE,LGA 2066,Intel X299,DDR4-4400/OC (up to),DDR4,"SATA III, M.2 NVMe, U.2","M.2, U.2, SATA",ATX
Gigabyte GA-990FXA-UD3 Rev. 4.0,AM3+,AMD 990FX,DDR3 2400MHz,DDR3,"SATA III, SATA II, IDE, M.2, PCIe x4","AHCI, SATA RAID, RAID 0, RAID 1, RAID 10",ATX
Asus ROG Strix X299-XE Gaming,LGA 2066,Intel X299,DDR4-2400/OC3.2GHz,DDR4,"SATA III, M.2 NVMe, U.2","AHCI, RAID",ATX
MSI Z370 Gaming Pro Carbon AC,LGA 1151,Intel Z370,2666MHz,DDR4,"SATA III, M.2 NVMe, PCIe x4","2.5-inch, M.2",ATX
Gigabyte H370 Aorus Gaming 3,LGA 1151,Intel H370,DDR4 2400MHz,DDR4,"SATA III, M.2 NVMe","2.5"", M.2",ATX
ECS A960M-MV Rev. 1.0,AM3+,AMD 760G,DDR3-1333MHz,DDR3,"SATA II, IDE, PCIe x2","2.5-inch HDD, CF, SSD",Micro-ATX
Asus Prime X299-A,LGA 2066,Intel X299,DDR4 4333 MHz,DDR4,"SATA III, PCIe NVMe, M.2, U.2","AHCI, RAID",ATX
Asus Pro WS X570-Ace,AM4,AMD X570,3200 MHz (OC),DDR4,"SATA III, M.2 NVMe, U.2","mSATA, M.2",ATX
Asrock Z370 Killer SLI/ac,LGA 1151,Intel Z370,DDR4 3200,DDR4,"SATA III, PCIe NVMe, M.2","M.2, U.2, SATA",ATX
Gigabyte GA-Z170X-Gaming 7 Rev. 1.0,LGA 1151,Intel Z170,DDR4-2400/2133 (OC),DDR4 SDRAM,"SATA III, PCIe NVMe, M.2, U.2","2.5"", 3.5""",ATX
Asus ROG Rampage VI Apex,LGA 2066,Intel X299,DDR4 4600 MHz,DDR4,"SATA III, M.2 NVMe, U.2 NVMe","2.5"", 3.5""",E-ATX
Asus Prime Q270M-C,LGA 1151,Intel Q270,DDR4 2400MHz,DDR4,"SATA III, PCIe NVMe, M.2, UFS","2.5"" HDD, M.2 SSD",Micro-ATX
Biostar X370GTN,AM4,AMD X370,3200MHz,DDR4,"SATA III, PCIe NVMe","M.2, U.2, mSATA",Mini-ITX
Biostar TA320-BTC,AM4,AMD A320,DDR4 3200MHz,DDR4,"SATA III, M.2 NVMe","2.5-inch HDD, M.2 SSD",ATX
Asus Z270-WS,LGA 1151,Intel Z270,DDR4 3200 MHz,DDR4,"SATA III, M.2 NVMe, PCIe x16 Gen3","M.2 SSD, 2.5"" HDD, 3.5"" HDD",ATX
Gigabyte B360N Aorus Gaming Wifi,LGA 1151,Intel B360,DDR4 2400 MHz,DDR4,"M.2 (SATA & PCIe), SATA III, USB-C",,Mini-ITX
Asrock 970 Extreme3,AM3+,AMD 970,1600MHz,DDR3,"SATA II & III, PCIe x4","2.5"" and 3.5""",ATX
EVGA Classified SR-2,2x LGA 1366,Intel 5520,DDR3-1600MHz,DDR3,"SATA III, SAS, PCIe x4 NVMe","2.5"", 3.5""",HPTX
Asrock Fatal1ty Z270 Gaming K4,LGA 1151,Intel Z270,DDR4 3200,DDR4,"SATA III, PCIe x4, M.2","2.5-inch HDD, M.2 SSD",ATX
MSI H170M PRO-VDH,LGA 1151,Intel H170,DDR4 2400MHz,DDR4,"SATA III, PCIe NVMe","2.5-inch SSD, M.2",Micro-ATX
MSI X399 Gaming Pro Carbon AC,TR4,AMD X399,3200 MHz,DDR4,"SATA III, M.2 NVMe, U.2 NVMe","2.5"", M.2",ATX
MSI H170A Gaming Pro,LGA 1151,Intel H170,DDR4-2400MHz,DDR4,"SATA III, M.2 NVMe, PCIe x4",,ATX
Asrock Fatal1ty H170 Performance,LGA 1151,Intel H170,DDR4-2400,DDR4,"SATA III, M.2 (Key E), PCIe x4",,ATX
MSI B250 Krait Gaming,LGA 1151,Intel B250,DDR4 2400MHz,DDR4,"SATA III, M.2 NVMe","M.2, mSATA",ATX
Asus TUF H370-Pro Gaming,LGA 1151,Intel H370,DDR4-2400,DDR4,"SATA III, PCIe NVMe","2.5-inch, M.2",ATX
Asrock Z390 Phantom Gaming 4S,LGA 1151,Intel Z390,DDR4 4600(O.C.),DDR4,"SATA6Gb/s, M.2 (Key E), M.2 (Key M)",None specified (as it's an ATX motherboard),ATX
Gigabyte X399 Designare EX,TR4,AMD X399,3200MHz,DDR4,"SATA III, PCIe NVMe, M.2, UFS","M.2, U.2, SATA",ATX
Asus ROG Maximus II Gene,LGA 775,Intel P45,1333 MHz,DDR2,"SATA II, eSATA, IDE","Hard Drive, Solid State Drive, Flash Drive",Micro-ATX
Gigabyte GA-EX58-Extreme,LGA 1366,Intel X58,DDR3 2000 MHz (OC),DDR3,"SATA II, SATA III, PCIe x2, eSATA","2.5"", 3.5""",ATX
Asus ROG Maximus IX Apex,LGA 1151,Intel Z270,DDR4 4600(O.C.),DDR4,"SATA III, PCIe NVMe M.2, M.2 SATA, U.2","M.2, U.2, SATA, PCIe",E-ATX
Asrock B460 Phantom Gaming 4,LGA 1200,Intel B460,DDR4 3200MHz (OC),DDR4,"SATA, PCIe NVMe","AHCI, RAID, M.2, U.2",ATX
XFX X58i,LGA 1366,Intel X58,DDR3-1600,DDR3,"SATA II, SATA III, PCIe x2","2.5"", 3.5""",ATX
Asus ROG Maximus VII Impact,LGA 1150,Intel Z97,DDR3 3000MHz,DDR3,"SATA III, PCIe, M.2","mSATA, M.2",Mini-ITX
Asrock Z170 Extreme3,LGA 1151,Intel Z170,DDR4 2400 (OC),DDR4 SDRAM,"SATA III, PCIe x2, M.2","AHCI, RAID",ATX
Asus Prime X399-A,TR4,AMD X399,DDR4 3200MHz,DDR4,"SATA III, M.2 NVMe, PCIe x4","mSATA, M.2, U.2",E-ATX
MSI 990FXA-GD80,AM3+,AMD 990FX,DDR3-2133 MHz,DDR3,"SATA III, PCIe x4, IDE","2.5-inch HDD, M.2 SSD",ATX
Asus ROG Crossblade Ranger,FM2+,AMD A88X,2400 MHz (Dual Channel),DDR3,"SATA III, PCIe x4","2.5"" and 3.5""",ATX
Gigabyte X299 Designare EX,LGA 2066,Intel X299,DDR4 3200 MHz,DDR4,"SATA III, M.2, U.2, PCIe NVMe","2.5"", 3.5""",ATX
Asus ROG Maximus VI Impact,LGA 1150,Intel Z87,DDR3 3200,DDR3,"SATA III, PCIe x4, M.2, USB 3.0","2.5-inch hard drive, mSATA SSD, M.2 SSD",Mini-ITX
MSI B250I Gaming Pro AC,LGA 1151,Intel B250,DDR4 2400 MHz,DDR4 SDRAM,"SATA III, M.2 NVMe, USB","HDD, SSD, M.2 NVMe",Mini-ITX
Asrock A320TM-ITX,AM4,AMD A320,2400 MHz,DDR4,"SATA III, M.2 (NVMe), USB 3.1 Gen 2",M.2 (2230/2280),Thin Mini-ITX
Supermicro C7Z270-PG,LGA 1151,Intel Z270,DDR4-2400MHz,DDR4,"SATA III, PCIe NVMe, M.2","HDD, SSD, mSATA, M.2, U.2",ATX
Gigabyte GA-990X-Gaming SLI,AM3+,AMD 990X,DDR3 2400MHz,,"SATA III, PCIe x2, eSATA","2.5-inch HDD, M.2 SSD, mSATA SSD",ATX
MSI B360-A Pro,LGA 1151,Intel B360,2400MHz,DDR4,"SATA III, M.2 NVMe","2.5-inch HDD, M.2 SSD",ATX
MSI X299M-A Pro,LGA 2066,Intel X299,DDR4 2400 MHz,DDR4,"SATA III, PCIe NVMe","M.2, U.2, mSATA",Micro-ATX
Asus Prime H310M-CS R2.0,LGA 1151,Intel H310,DDR4 2400,DDR4,"SATA III, M.2 (SATA and PCIe)","2.5"", M.2",Micro-ATX
Colorful iGame X299 Vulcan X White,LGA 2066,Intel X299,DDR4-4400 MHz (OC),DDR4,"SATA III, PCIe NVMe","M.2, U.2, SATA",ATX
Gigabyte GA-X58-USB3,LGA 1366,Intel X58,2400 MHz,DDR3,"SATA II, SATA III, PCIe","2.5-inch HDD, 3.5-inch HDD, mSATA SSD",ATX
Asrock B150M Pro4V,LGA 1151,Intel B150,DDR4 2400,DDR4 SDRAM,"SATA III, M.2, PCIe NVMe","2.5-inch HDD, M.2 SSD",Micro-ATX
Colorful Battle AXE C.Z370M-DH V20,LGA 1151,Intel Z370,DDR4 3200 MHz,DDR4,"SATA III, M.2 (NVMe, SATA), PCIe (AHCI)",,Micro-ATX
Asrock Z170M Pro4S,LGA 1151,Intel Z170,DDR3/DDR4 3200(O.C.),DDR3/DDR4,"SATA III, M.2 (PCIe), USB-C","2.5"" HDD, M.2 SSD",Micro-ATX
Asus B150I Pro Gaming/Aura,LGA 1151,Intel B150,DDR4 2400 MHz,DDR4 SDRAM,"SATA III, M.2 (SATA and PCIe), USB (USB 3.0 and USB 2.0)","HDD, SSD, mSATA",Mini-ITX
MSI Z270 Gaming M5,LGA 1151,Intel Z270,DDR4-3200,DDR4,"SATA III, PCIe NVMe","2.5"", mSATA, M.2",ATX
Gigabyte GA-H170M-DS3H,LGA 1151,Intel H170,DDR4 2400,DDR4,"SATA III, M.2, UFS","2.5"", 3.5""",Micro-ATX
Asrock J3455-ITX,Onboard CPU,SOC,2400 MHz,DDR3L,"SATA III, M.2 (SATA and PCIe), USB 3.0",,Mini-ITX
Asus ROG Blitz Extreme,LGA 775,Intel P35,DDR2-1333,DDR2,"SATA II, IDE, eSATA","2.5-inch, 3.5-inch",ATX
MSI MEG X570 Godlike,AM4,AMD X570,3200 MHz (OC),DDR4,"SATA III, PCIe NVMe, M.2","2.5"", 3.5""",E-ATX
MSI Z170A Krait Gaming 3X,LGA 1151,Intel Z170,DDR4-3200 (assuming this is the maximum RAM speed supported by the motherboard),DDR4,"SATA III, M.2, PCIe NVMe","2.5-inch HDD, M.2 SSD",ATX
Asrock Z270M Extreme4,LGA 1151,Intel Z270,DDR4-3200 (OC),DDR4,"SATA III, M.2 NVMe, U.2 NVMe","M.2, U.2",Micro-ATX
Asus ROG Crosshair,AM2,Nvidia nForce 590 SLI,DDR (unspecified speed),DDR,"SATA II, IDE, RAID","3.5"", 2.5""",ATX
Gigabyte X299 Aorus Gaming 3,LGA 2066,Intel X299,DDR4-4533 MHz (OC),DDR4,"M.2, SATA III, PCIe NVMe","2.5"", 3.5""",ATX
Asus Prime Z390M-Plus,LGA 1151,Intel Z390,DDR4 3200 MHz,DDR4,"M.2, SATA III, UFS","2.5"", 3.5""",Micro-ATX
ECS H110S-2P,LGA 1151,Intel H110,DDR4-2400,DDR4,"SATA III, PCIe NVMe","2.5"", M.2",Mini-STX
MSI H310M Pro-VDH,LGA 1151,Intel H310,DDR4-2666,DDR4,"SATA III, M.2 NVMe, M.2 SATA","2.5-inch HDD, M.2 SSD",Micro-ATX
Asus B150-Pro D3,LGA 1151,Intel B150,DDR4 2400/2133,DDR4,"SATA III, M.2 (SATA and PCIe), USB","2.5"" HDD, M.2 SSD",ATX
Asus ROG Strix Z390-I Gaming,LGA 1151,Intel Z390,DDR4 3200 MHz,DDR4,"SATA III, M.2 NVMe, PCIe x4","M.2 (2280), U.2",Mini-ITX
Gigabyte GA-H170-Gaming 3 DDR3,LGA 1151,Intel H170,2133MHz (assuming it supports DDR3-2133 memory speeds),DDR3,"SATA III, PCIe NVMe","HDD, SSD",ATX
Gigabyte GA-Z170X-Gaming 6 Rev. 1.1,LGA 1151,Intel Z170,DDR4-3400,DDR4,"SATA III, M.2 (SATA and PCIe), U.2",,ATX
Gigabyte X299 Aorus Gaming 3 Pro,LGA 2066,Intel X299,DDR4-4400 (OC),DDR4,"SATA III, M.2 NVMe, U.2","M.2, U.2, USB",ATX
Gigabyte Z390 Aorus Master,LGA 1151,Intel Z390,DDR4 4600 MHz (OC),DDR4,"SATA III, M.2 NVMe, U.2 NVMe, PCIe 3.0 x4","2.5-inch HDD, M.2 SSD, U.2 SSD",ATX
MSI H270M Mortar Arctic,LGA 1151,Intel H270,2400MHz,DDR4,"SATA III, M.2, USB","2.5-inch HDD, M.2 SSD",Micro-ATX
MSI X299 Tomahawk AC,LGA 2066,Intel X299,"DDR4-4400 (OC), DDR4-3200 (Native)",DDR4,"SATA III, M.2 NVMe, U.2 NVMe","2.5"", 3.5""",ATX
Asrock B550 Phantom Gaming-ITX/ax,AM4,AMD B550,4800MHz (according to Asrock's specifications),DDR4/DDR5,"SATA III, M.2 NVMe, PCIe x2","M.2 SATA and PCIe, U.2",Mini-ITX
Supermicro C7Z370-CG-L,LGA 1151,Intel Z370,DDR4-2666,DDR4,"SATA III, M.2 NVMe, PCIe x4","2.5"" HDD, M.2 SSD, mSATA SSD",ATX
MSI Z170A Gaming M7,LGA 1151,Intel Z170,2400MHz (or DDR4-2400),DDR4 SDRAM,"SATA III, PCIe NVMe, USB-C","2.5-inch HDD, M.2 SSD",ATX
Asus ROG Maximus IV Gene-Z,LGA 1155,Intel Z68,DDR3 2400 MHz (OC),DDR3,"SATA III, PCIe x2, eSATA, USB 3.0","2.5-inch and 3.5-inch HDD, SSD, M.2 (for SSD only)",Micro-ATX
Gigabyte X299 Aorus Gaming 9,LGA 2066,Intel X299,DDR4 4600 (OC),DDR4,"SATA III, PCIe NVMe, M.2","M.2, U.2, SATA III",ATX
Colorful Battle Axe C.AB350M-HD Plus V14,AM4,AMD B350,DDR4 3200MHz,DDR4,"SATA III, PCIe NVMe","M.2, U.2, SATA",Micro-ATX
Asus EX-B360M-V3,LGA 1151,Intel B360,DDR4 2400 MHz,DDR4,"SATA III, M.2, USB","2.5-inch HDD, M.2 SSD",Micro-ATX
Asus WS X299 Sage,LGA 2066,Intel X299,DDR4 2400/2133,DDR4,"SATA III, PCIe 3.0 x4, M.2 (NVMe, SATA)","mATX, E-ATX",SSI-CEB
Gigabyte X299 Aorus Ultra Gaming,LGA 2066,Intel X299,DDR4 3200 MHz,DDR4,"SATA III, PCIe NVMe, M.2, U.2","M.2, U.2, SATA III",ATX
MSI H110M-A PRO M2,LGA 1151,Intel H110,2400 MHz,DDR4,"SATA III, M.2 (SATA and PCIe)",,Micro-ATX
Asrock 990FX Extreme6,AM3+,AMD 990FX,DDR3 2400MHz,DDR3,"SATA III, eSATA, IDE",,ATX
Biostar H310MHD Pro,LGA 1151,Intel H310,DDR4 2400 MHz,DDR4,"SATA III, M.2 (SATA and PCIe)","2.5-inch HDD, M.2 SSD",Micro-ATX
Asrock Z170 Extreme6,LGA 1151,Intel Z170,DDR4-3400,DDR4,"SATA III, PCIe NVMe, M.2, U.2","2.5-inch HDD, M.2 SSD, U.2 SSD",ATX
Asus ROG Maximus Formula Special Edition,LGA 775,Intel X38,DDR3-1600,DDR3,"SATA II, IDE, eSATA","2.5"", 3.5""",ATX
Asrock 880GM-LE FX,AM3+,AMD 880G,1600 MHz,DDR3,"SATA II, PATA","2.5-inch and 3.5-inch hard drives, SSDs",Micro-ATX
Gigabyte X299 Aorus Ultra Gaming Pro,LGA 2066,Intel X299,DDR4 3200 MHz,DDR4,"SATA III, M.2 NVMe, U.2 NVMe","2.5"", mSATA",ATX
MSI Z370 SLI Plus,LGA 1151,Intel Z370,DDR4 4133 MHz (OC),DDR4,"SATA III, M.2 NVMe, U.2 NVMe","2.5"" HDD, SSD",ATX
MSI H270 PC Mate,LGA 1151,Intel H270,DDR4 2400 MHz,DDR4,"SATA III, M.2 NVMe, M.2 SATA","M.2, U.2",ATX
EVGA Classified SR-X,2x LGA 2011,Intel C606,DDR3-2400,DDR3,"SATA III, PCIe x4","2.5"", 3.5""",HPTX
Asus TUF B360-Plus Gaming,LGA 1151,Intel B360,DDR4 3200 MHz,DDR4,"SATA III, M.2 NVMe, PCIe x4","2.5-inch HDD, M.2 SSD",ATX
Asrock Z170 Extreme7+,LGA 1151,Intel Z170,"3866MHz (dual-channel), 2400MHz (quad-channel)",DDR4,"SATA III, PCIe NVMe, M.2, UFS","2.5-inch HDD, M.2 SSD, mSATA SSD, USB flash drive",ATX
Asrock X99M Extreme4,LGA 2011-3,Intel X99,DDR4 3200MHz (OC) / DDR4 2133MHz (Non-ECC),DDR4,"SATA III, SATA II, M.2, U.2, PCIe NVMe, AHCI","M.2, mSATA",Micro-ATX
Asus ROG Maximus VIII Extreme,LGA 1151,Intel Z170,DDR4-3200,DDR4,"SATA III, PCIe NVMe, M.2","2.5"", 3.5""",E-ATX
MSI Z170M Mortar,LGA 1151,Intel Z170,DDR4 2400/2133,DDR4 SDRAM,"SATA III, M.2 NVMe, M.2 SATA","2.5"" SATA SSD, M.2 NVMe SSD, M.2 SATA SSD",Micro-ATX
Gigabyte G1.Guerrilla,LGA 1366,Intel X58,DDR3 2400MHz (or higher),DDR3,"SATA III, PCIe x4, eSATA","2.5-inch HDD, 3.5-inch HDD, SSD",E-ATX
Gigabyte GA-Z270N-Gaming 5,LGA 1151,Intel Z270,DDR4 3200,DDR4,"SATA III, M.2, PCIe NVMe","2.5"" HDD, M.2 SSD, PCIe NVMe",Mini-ITX
Gigabyte GA-B250M-EVO,LGA 1151,Intel B250,DDR4 2400,DDR4,"SATA III, M.2 (NVMe), UEFI",,Micro-ATX
Biostar X370GT7,AM4,AMD X370,3200MHz (PC4-25600),DDR4,"SATA III, M.2, NVMe","U.2, mSATA",ATX
Gigabyte GA-B150M-D3V,LGA 1151,Intel B150,DDR4 2133 MHz,DDR4,"SATA III, M.2, PCIe x4","2.5"" HDD, M.2 SSD",Micro-ATX
Biostar X370GT5,AM4,AMD X370,3200MHz (according to Biostar's official specs),DDR4,"SATA III, M.2 NVMe, PCIe x4","UEFI, Legacy BIOS",ATX
Asrock H97M Pro4,LGA 1150,Intel H97,DDR3 16000 (PC3-12800),DDR3,"SATA III, M.2, PCIe","2.5"", M.2",Micro-ATX
MSI Z370 Gaming Pro Carbon,LGA 1151,Intel Z370,2666 MHz,DDR4,"SATA III, PCIe NVMe","M.2, U.2",ATX
EVGA Z270 FTW K,LGA 1151,Intel Z270,DDR4-3200,DDR4,"SATA III, PCIe NVMe, M.2, U.2","2.5"", 3.5""",ATX
Asus H370 Mining Master,LGA 1151,Intel H370,DDR4 2400MHz (or up to 2666MHz with specific memory modules),DDR4,"SATA III, M.2 (NVMe, SATA), U.2","mSATA, M.2",ATX
Asrock B460M Steel Legend,LGA 1200,Intel B460,DDR4 3200 (OC),DDR4,"SATA III, PCIe NVMe","2.5"", M.2 (Key E), M.2 (Key M), U.2",Micro-ATX
EVGA X99 Micro2,LGA 2011-3,Intel X99,DDR4-2133,DDR4,"SATA III, PCIe NVMe, AHCI",,Micro-ATX
Gigabyte GA-Z170MX-Gaming 5 Rev. 1.1,LGA 1151,Intel Z170,DDR4-3400,DDR4,"SATA III, PCIe NVMe, M.2, UFS, and USB-C","2.5"", 3.5"", M.2, mSATA",Micro-ATX
Biostar Gaming Z170T,LGA 1151,Intel Z170,DDR4-3200,DDR4,"SATA III, PCIe NVMe, M.2","2.5-inch, mSATA, M.2",ATX
Asrock Fatal1ty 970 Performance,AM3+,AMD 970,DDR3-2600,DDR3,"SATA III, PCI-E NVMe, M.2 NVMe","mSATA, SATA, PCIe x4",ATX
EVGA X299 Micro,LGA 2066,Intel X299,DDR4 2400MHz,DDR4,"SATA III, M.2 NVMe, PCIe x4","2.5"", mSATA",Micro-ATX
Asus ROG Maximus VIII Hero Alpha,LGA 1151,Intel Z170,DDR4-3200,DDR4,"SATA III, PCIe NVMe, M.2, U.2","2.5"", mSATA, M.2",ATX
MSI X299 Gaming Pro Carbon AC,LGA 2066,Intel X299,DDR4 3200 (OC),DDR4,"SATA III, PCIe NVMe, M.2","2.5"", mSATA, M.2, U.2",ATX
Asrock Fatal1ty Z170 Gaming K6,LGA 1151,Intel Z170,DDR4 2400 (or OC to 3200),DDR4,"SATA III, M.2 NVMe, PCIe","2.5"", M.2",ATX
Asrock B150M Pro4/Hyper,LGA 1151,Intel B150,DDR4 2400,DDR4,"SATA III, M.2 (SATA & PCIe), USB (USB 3.1 Gen 1)","2.5-inch HDD, M.2 SSD",Micro-ATX
Biostar Z370GT7,LGA 1151,Intel Z370,DDR4 3200,DDR4,"SATA III, PCIe NVMe","HDD, SSD",ATX
Asrock Z170A-X1/3.1,LGA 1151,Intel Z170,2400MHz (assuming it supports DDR4 memory),DDR4,"SATA III, M.2 NVMe/SATA","2.5-inch HDD, M.2 SSD",ATX
Gigabyte X570 Aorus Pro,AM4,AMD X570,3200MHz,DDR4,"SATA III, PCIe NVMe, M.2","2.5"", M.2, U.2",ATX
NZXT N7 Z390 White,LGA 1151,Intel Z390,DDR4-4133 (OC),DDR4,"SATA III, M.2 NVMe, PCIe x4",,ATX
Gigabyte GA-970-Gaming Rev. 1.1,AM3+,AMD 970,DDR3 1866MHz,DDR3,"SATA III, PCIe x4 NVMe, eSATA","2.5"", 3.5""",ATX
Asus ROG Strix H270I Gaming,LGA 1151,Intel H270,DDR4-2400/2133,DDR4,"SATA III, M.2 ( PCIe x4), UEFI BIOS Flashback & USB BIOS Flashback",,Mini-ITX
Asrock X299 OC Formula,LGA 2066,Intel X299,DDR4-4400 (or higher),DDR4,"SATA III, PCIe NVMe, M.2","mSATA, M.2",ATX
Gigabyte GA-Z270MX-Gaming 5,LGA 1151,Intel Z270,DDR4 3200 MHz,DDR4,"SATA III, M.2 NVMe, PCIe NVMe","2.5"" HDD, mSATA SSD, M.2 SSD",Micro-ATX
Gigabyte GA-AB350-Gaming,AM4,AMD B350,DDR4 3200 MHz,DDR4,"SATA III, M.2 (NVMe, SATA), PCIe x4","2.5-inch HDD, M.2 SSD, mSATA SSD",ATX
MSI Z270 Tomahawk,LGA 1151,Intel Z270,DDR4 3200,DDR4,"SATA III, M.2 NVMe, M.2 SATA","2.5"" HDD, M.2 SSD",ATX
Asrock B365 Phantom Gaming 4,LGA 1151,Intel B365,DDR4 3200MHz,DDR4,"SATA III, PCIe NVMe",M.2,ATX
MSI H110M PRO-VD D3,LGA 1151,Intel H110,DDR4 2133MHz,DDR4,"SATA III, M.2 (SATA & PCIe)","2.5"", 3.5""",Micro-ATX
Gigabyte GA-AB350M-D3V,AM4,AMD B350,3200MHz,DDR4,"SATA III, PCIe NVMe",AHCI,Micro-ATX
Asrock X99 Extreme6,LGA 2011-3,Intel X99,DDR4 3200 MHz (OC),DDR4,"SATA III, PCIe NVMe, M.2 SATA, M.2 PCIe, USB 3.0, eSATA","2.5"" HDD, 3.5"" HDD, SSD, M.2 SSD",ATX
Asrock Z390 Steel Legend,LGA 1151,Intel Z390,"DDR4 4600(O.C.) / DDR4 3200 (non-ECC, ECC)",DDR4,"SATA III, M.2 (Key E), M.2 (Key M)",mSATA,ATX
Gigabyte GA-B150M-Gaming,LGA 1151,Intel B150,DDR4 2400MHz,DDR4,"SATA, M.2 (PCIe)","2.5-inch Hard Drive, M.2 SSD",Micro-ATX
ECS H110M-C2H D3L,LGA 1151,Intel H110,DDR4-2400,DDR4,"SATA III, M.2 (SATA and PCIe), UEFI firmware updates via USB",None specified for storage interfaces (but supports various form factors through USB),Micro-ATX
Asrock 990FX Extreme9,AM3+,AMD 990FX,DDR3 2400 MHz (OC),DDR3,"SATA III, PCIe x2, IDE","2.5"", 3.5""",ATX
Gigabyte GA-Q170M-D3H,LGA 1151,Intel Q170,DDR4 2400MHz,DDR4,"SATA III, M.2, UEFI",None (assuming the supported storage interfaces are the only form factors),Micro-ATX
Gigabyte GA-Z170N-WIFI Rev. 2.0,LGA 1151,Intel Z170,DDR4 2400 MHz,DDR4,"SATA III, M.2 NVMe, PCIe x4","2.5-inch, M.2",Mini-ITX
Colorful iGame Z370 Vulcan X,LGA 1151,Intel Z370,DDR4 2400MHz (or OC to 2666MHz),DDR4,"SATA III, PCIe NVMe, M.2","mSATA, M.2, U.2, SATA",ATX
MSI 970A-G45,AM3+,AMD 970,DDR3-2133,DDR3,"SATA III, PCIe x4, AHCI","HDD, SSD, M.2, PCIe SSD",ATX
Gigabyte GA-Z270X-Gaming K7,LGA 1151,Intel Z270,DDR4 3200MHz,DDR4,"SATA III, PCIe NVMe, M.2","2.5-inch HDD, M.2 SSD",ATX
Asrock Fatal1ty Z370 Professional Gaming i7,LGA 1151,Intel Z370,DDR4 3200MHz,DDR4,"SATA III, PCIe NVMe, M.2",U.2,ATX
Gigabyte H370M D3H,LGA 1151,Intel H370,DDR4 2400MHz,DDR4,"SATA III, M.2 NVMe","2.5"", M.2",Micro-ATX
MSI B350 Tomahawk Plus,AM4,AMD B350,3200MHz (according to various sources),DDR4,"SATA III, PCIe x2 (for NVMe), M.2","M.2, U.2, SATA",ATX
MSI Z170A Tomahawk AC,LGA 1151,Intel Z170,DDR4-3400 (OC),DDR4 SDRAM,"SATA III, PCIe NVMe, M.2 SATA/SATA Express","M.2, SATA, PCIe x16",ATX
Asrock Z390M-ITX/ac,LGA 1151,Intel Z390,DDR4 4666MHz (OC),DDR4,"SATA III, PCIe NVMe",2.5-inch HDD and SSD,Mini-ITX
Gigabyte GA-A320-DS3,AM4,AMD A320,3200MHz,DDR4,"SATA III, M.2 NVMe, PCIe x2","M.2, SATA, PCIe",ATX
Gigabyte GA-H110M-WW,LGA 1151,Intel H110,DDR4 2400 MHz,DDR4,"SATA III, M.2 NVMe/SATA","2.5-inch Hard Drive, M.2 SSD",Micro-ATX
Asrock Fatal1ty X470 Gaming-ITX/ac,AM4,AMD X470,3200MHz (assuming DDR4 RAM),DDR4,"SATA III, M.2 NVMe","M.2, SATA",Mini-ITX
Asrock Z390M Pro4,LGA 1151,Intel Z390,4000MHz (OC),DDR4,"SATA III, PCIe NVMe",,Micro-ATX
Asrock X299E-ITX/ac,LGA 2066,Intel X299,DDR4 3200,DDR4,"SATA III, M.2 (Key E)",,Mini-ITX
Colorful iGame Z270 Ymir-X,LGA 1151,Intel Z270,DDR4-3866MHz,DDR4,"SATA III, PCIe NVMe","2.5-inch, M.2",ATX
Asus X99-E,LGA 2011-3,Intel X99,2400 MHz,DDR4,"SATA III, PCIe, M.2","2.5""",ATX
MSI H110M Grenade,LGA 1151,Intel H110,DDR4 2400,DDR4,"SATA III, M.2 (SATA and PCIe)","2.5"" HDD, M.2 SSD",Micro-ATX
Biostar Hi-Fi B150S1 D4,LGA 1151,Intel B150,"DDR3/3200 MHz, DDR4/2400 MHz",DDR3 and DDR4,"SATA III, M.2 ( PCIe x2 & SATA), USB 3.1 Gen 1",,Micro-ATX
EVGA X79 SLI,LGA 2011,Intel X79,DDR3-1866,DDR3,"SATA II, SATA III, eSATA, PCIe","Hard Drive, SSD",ATX
Asrock H310M-STX,LGA 1151,Intel H310,DDR4 2400,DDR4,"SATA III, M.2 (SATA and PCIe), USB","mSATA, M.2",Mini-STX
MSI X79A-GD45 Plus,LGA 2011,Intel X79,DDR3 1600/1333,DDR3,"SATA III, eSATA, USB (for external storage devices)","2.5"" and 3.5""",ATX
Asus TUF B360-Pro Gaming,LGA 1151,Intel B360,DDR4 2400 MHz,DDR4,"SATA III, M.2 (Key E), PCIe NVMe","M.2, SATA",ATX
Gigabyte GA-970A-DS3P Rev. 1.0,AM3+,AMD 970,DDR3 1866 MHz,DDR3,"SATA III, PCIe x2, IDE, eSATA","2.5"", 3.5""",ATX
MSI B150M PRO-VH,LGA 1151,Intel B150,DDR4-2400,DDR4,"SATA III, M.2 (SATA and PCIe)","2.5-inch, M.2",Micro-ATX
Asrock EPYC3101D4I-2T,Onboard CPU,SOC,DDR4-3200,DDR4,"SATA III, M.2 NVMe",,Mini-ITX
Maxsun MS-Meterstone B250M Gaming R2.0,LGA 1151,Intel B250,2400MHz,DDR4,"SATA III, M.2 (NVMe, SATA)","2.5"", 3.5""",Micro-ATX
Gigabyte GA-Z170X-Ultra Gaming,LGA 1151,Intel Z170,2400 MHz (or OC to 3866 MHz),DDR4,"SATA III, PCIe NVMe","M.2, mSATA, U.2",ATX
Asrock Z270M-ITX/ac,LGA 1151,Intel Z270,DDR4 3200(O.C.),DDR4,"SATA6Gb/s, M.2, U.2",,Mini-ITX
MSI B250M Bazooka Plus,LGA 1151,Intel B250,2400 MHz,DDR4,"SATA III, M.2 (SATA and PCIe), USB-C with UASP","2.5"", M.2",Micro-ATX
MSI H170A PC Mate,LGA 1151,Intel H170,DDR4-2400,DDR4,"SATA III, PCIe x4","HDD, SSD",ATX
Gigabyte GA-Z270-Phoenix Gaming,LGA 1151,Intel Z270,DDR4-3200 (OC),DDR4,"SATA III, PCIe NVMe","2.5-inch HDD, M.2 SSD, SATA Optical Drive",ATX
Asus ROG Maximus IX Extreme,LGA 1151,Intel Z270,DDR4 4600MHz,DDR4,"SATA III, PCIe NVMe, M.2, U.2, USB-C","2.5-inch HDD, 3.5-inch HDD, mSATA SSD, M.2 SSD, SATA DVD, USB Flash Drive",E-ATX
Gigabyte GA-Z170N-Gaming 5 Rev. 1.1,LGA 1151,Intel Z170,DDR4-3400 (OC),DDR4,"SATA III, M.2 NVMe, M.2 SATA, UFS","M.2, mSATA",Mini-ITX
MSI Z370M Gaming Pro AC,LGA 1151,Intel Z370,DDR4-2666,DDR4,"SATA III, PCIe NVMe","2.5-inch, M.2 (Key E), M.2 (Key M)",Micro-ATX
MSI B450-A Pro,AM4,AMD B450,DDR4 3200MHz,DDR4,"SATA III, PCIe NVMe, M.2","2.5"" HDD, M.2 SSD",ATX
Asrock Fatal1ty X370 Gaming-ITX/ac,AM4,AMD X370,3200MHz (assuming this is a common speed for DDR4 RAM),DDR4,"SATA III, PCIe NVMe","M.2 (with SATA and PCIe interfaces), M.2 (with PCIe interface only)",Mini-ITX
Gigabyte GA-X150-Plus WS,LGA 1151,Intel C232,DDR4 2400,DDR4,"SATA III, PCIe NVMe","2.5"" HDD, M.2 SSD",ATX
Gigabyte GA-AB350M-DS2,AM4,AMD B350,DDR4 3200MHz,DDR4,"SATA III, PCIe NVMe, M.2, UEFI","M.2, U.2, SATA",Micro-ATX
Biostar B350GTN,AM4,AMD B350,DDR4 3200MHz (OC),DDR4 SDRAM,"SATA III, PCIe NVMe","2.5""",Mini-ITX
MSI B150M Mortar Arctic,LGA 1151,Intel B150,"DDR3 1600/PC3 12800, DDR4 2400/PC4 19200 (unofficially up to 3200MHz with overclocking)",DDR3 and DDR4,"SATA III, PCIe NVMe",,Micro-ATX
Asus Prime B250M-J,LGA 1151,Intel B250,DDR4 2400 MHz,DDR4,"SATA III, M.2 (SATA and PCIe), USB","2.5"" HDD, M.2 SSD, mSATA SSD",Micro-ATX
Asus ROG Zenith Extreme Alpha,TR4,AMD X399,DDR4 3200MHz,DDR4,"SATA III, PCIe NVMe",2.5-inch and M.2,E-ATX
Gigabyte Z390 Gaming SLI,LGA 1151,Intel Z390,DDR4 4600MHz (OC),DDR4,"SATA III, M.2 NVMe, PCIe x4","M.2, U.2",ATX
Gigabyte GA-EX58-UD4P,LGA 1366,Intel X58,2400 MHz,DDR3,"SATA III, eSATA, PCIe","HDD, SSD",ATX
Gigabyte GA-B150N-GSM,LGA 1151,Intel B150,DDR4-2400,DDR4,"SATA III, M.2","2.5"", M.2",Mini-ITX
Asus B150-Plus,LGA 1151,Intel B150,DDR4 2400,DDR4,"SATA III, M.2 NVMe, PCIe x4","mSATA, M.2, UEFI",ATX
MSI Z97-G43 Gaming,LGA 1150,Intel Z97,DDR3-3200,DDR3,"SATA III, PCIe x4, M.2 (SATA and PCIe)","2.5-inch HDD, M.2 SSD",ATX
Asrock Fatal1ty X299 Gaming K6,LGA 2066,Intel X299,DDR4 3200 (OC),DDR4,"SATA III, PCIe NVMe","2.5"", M.2",ATX
Biostar A320MD PRO,AM4,AMD A320,3200MHz,DDR4,"SATA III, PCIe NVMe","2.5-inch SATA HDD, M.2 SSD",Micro-ATX
MSI Z270 Camo Squad,LGA 1151,Intel Z270,DDR4-3200,DDR4,"SATA III, PCIe NVMe, M.2","2.5-inch HDD, M.2 SSD, mSATA SSD, U.2",ATX
Gigabyte Z490 Aorus Elite,LGA 1200,Intel Z490,DDR4 4600 MHz / DDR5 5333 MHz (depending on the installed CPU),DDR4/DDR5,"SATA, M.2, PCIe NVMe","U.2, M.2, SATA",ATX
Asrock MXM IPC-H110,LGA 1151,Intel H110,DDR4-2400,DDR4,"SATA III, M.2 (SATA & PCIe)","M.2, U.2",Micro-STX
Asus H170I-Pro,LGA 1151,Intel H170,2400 MHz,DDR4,"SATA III, M.2 (NAND)",,Mini-ITX
Gigabyte GA-970A-D3 Rev. 1.0,AM3+,AMD 970,DDR3 1600MHz (OC),DDR3,"SATA III, USB, eSATA","2.5"" HDD, 3.5"" HDD, SSD",ATX
Asrock X570 Phantom Gaming-ITX/TB3,AM4,AMD X570,3200 MHz,DDR4,"M.2 NVMe, SATA III, USB-C (Thunderbolt 3), HDMI, DisplayPort","2.5-inch HDD, M.2 SSD, mSATA SSD",Mini-ITX
Asus B365M-Pixiu,LGA 1151,Intel B365,DDR4 2400 MHz,DDR4,"M.2, SATA 6Gb/s, USB",,Micro-ATX
Asrock X570 Steel Legend WiFi ax,AM4,AMD X570,3200MHz (assuming it supports DDR4-3200 RAM),DDR4,"SATA III, PCIe NVMe, M.2","2.5-inch HDD, M.2 SSD, U.2 SSD",ATX
Asrock Z170 Pro4/D3,LGA 1151,Intel Z170,DDR4-3200,DDR4,"SATA III, PCIe NVMe, M.2","2.5-inch, mSATA, M.2",ATX
Gigabyte Z490 Aorus Pro AX,LGA 1200,Intel Z490,DDR4 3200MHz,DDR4,"M.2 NVMe, SATA, PCIe 3.0 x4","M.2 (Key E), M.2 (Key M)",ATX
Asrock Fatal1ty 990FX Professional,AM3+,AMD 990FX,DDR3 2400,DDR3,"SATA II, SATA III, IDE, eSATA","2.5-inch, 3.5-inch",ATX
Gigabyte GA-Z170X-UD3 Ultra,LGA 1151,Intel Z170,DDR4 2400,DDR4,"SATA, PCIe, M.2 (NVMe)","M.2, mSATA, U.2, USB-C",ATX
EVGA Z270 Classified K,LGA 1151,Intel Z270,DDR4-3333MHz,DDR4,"SATA III, PCIe NVMe, M.2","2.5"", mSATA, M.2",E-ATX
Asrock B150M-HDV,LGA 1151,Intel B150,DDR4 2133(O.C.),,"SATA III, M.2 NVMe, PCIe x2","2.5"" and 3.5""",Micro-ATX
Gigabyte GA-Z270X-Gaming 7,LGA 1151,Intel Z270,3200 MHz (assuming DDR4 memory),DDR4,"SATA III, M.2 NVMe, PCIe x4","M.2 SSD, U.2 SSD, SATA DVD",ATX
Gigabyte GA-Z170X-Gaming 5 Rev. 1.1,LGA 1151,Intel Z170,DDR4-3400 (OC),DDR4 SDRAM,"SATA III, PCIe NVMe, M.2","2.5-inch HDD, M.2 SSD",ATX
Gigabyte GA-H170-Gaming 3 Rev. 1.0,LGA 1151,Intel H170,DDR4 2400MHz,DDR4,"SATA III, PCIe NVMe","M.2, U.2",ATX
Gigabyte GA-990FXA-UD3 Rev. 3.0,AM3+,AMD 990FX,DDR3 1600/1333 (OC),DDR3,"SATA III, SATA II, eSATA, M.2 NVMe, PCIe x4, UEFI Flash","2.5"", 3.5""",ATX
Asrock X370M Pro4,AM4,AMD X370,DDR4 3200,DDR4,"SATA III, M.2 (NVMe), U.2","2.5"" HDD, M.2 SSD, U.2 SSD",Micro-ATX
Colorful Battle AXE C.Z170 PLUS,LGA 1151,Intel Z170,DDR4-2400,DDR4,"SATA III, PCIe NVMe, M.2","SSD (M.2), Hard Drive (3.5""), Solid State Drive (SATA)",ATX
Asrock Fatal1ty X99M Killer/3.1,LGA 2011-3,Intel X99,"3200 MHz (since it's an Intel X99 chipset, which supports DDR4 memory with a maximum speed of 3200 MHz)",DDR4,"SATA III, M.2 (with PCIe and SATA interfaces), U.2",,Micro-ATX
Asus ROG Strix Z370-G Gaming,LGA 1151,Intel Z370,DDR4 3200MHz,DDR4,"SATA III, PCIe NVMe, M.2 NVMe","2.5-inch HDD, M.2 SSD, U.2 SSD",Micro-ATX
Asrock H110M-HDS R3.0,LGA 1151,Intel H110,DDR4 2133MHz,DDR4,"SATA III, M.2 NVMe","2.5"", M.2",Micro-ATX
Asus ROG Crosshair VII Hero (Wi-Fi),AM4,AMD X470,DDR4 3200MHz,DDR4 SDRAM,"SATA III, PCIe NVMe, M.2","M.2, U.2",ATX
Asrock H110M-HDV/D3,LGA 1151,Intel H110,2133MHz,DDR4,"SATA III, M.2 (SATA and PCIe)","HDD, SSD, M.2",Micro-ATX
Gigabyte GA-B150M-HD3 DDR3,LGA 1151,Intel B150,2133MHz (assuming DDR3),DDR3,"SATA III, PCIe x2","2.5-inch HDD, M.2 SSD",Micro-ATX
Fujitsu D3401-B1,LGA 1151,Intel Q150,DDR4 2400MHz,DDR4,"SATA III, M.2 NVMe","2.5-inch HDD, M.2 SSD",Micro-ATX
MSI X299 XPower Gaming AC,LGA 2066,Intel X299,DDR4 4400 MHz (OC),DDR4,"SATA III, M.2 NVMe, PCIe NVMe","2.5"", 3.5""",E-ATX
Asrock X99 Extreme3,LGA 2011-3,Intel X99,DDR4 3200 (OC),DDR4,"SATA III, M.2 (NVMe), PCIe NVMe, UEFI NVMe","2.5-inch Hard Drive, M.2 SSD, mSATA SSD, mSATA Solid State Drive",ATX
Gigabyte B360 Aorus Gaming 3,LGA 1151,Intel B360,DDR4-2400,DDR4,"SATA III, M.2 NVMe","2.5"", M.2",ATX
Asrock X570 Phantom Gaming 4S,AM4,AMD X570,"DDR4 4600 MHz (OC), DDR4 3200 MHz (Non-OC)",DDR4,"SATA III, PCIe NVMe, M.2, U.2","M.2, U.2, mSATA, SATA",ATX
Asrock Fatal1ty H270M Performance,LGA 1151,Intel H270,DDR4 2400,DDR4,"SATA III, M.2 NVMe, M.2 SATA","M.2, SATA",Micro-ATX
Maxsun MS-Z170MD4 Turbo,LGA 1151,Intel Z170,DDR4 3200 MHz,,"SATA III, M.2 NVMe, PCIe NVMe","2.5-inch HDD, mSATA SSD, M.2 SSD",Micro-ATX
Asrock J4205-ITX,Onboard CPU,SOC,DDR3L 1600MHz,DDR3L,"SATA6G, M.2 (SATA & PCIe)",,Mini-ITX
Gigabyte GA-H270-HD3P,LGA 1151,Intel H270,DDR4 2400MHz,DDR4,"SATA III, M.2 (NVMe, SATA), PCIe NVMe","mSATA, M.2",ATX
Gigabyte GA-Z170X-Designare,LGA 1151,Intel Z170,DDR4 2400 MHz,DDR4,"SATA III, PCIe NVMe, M.2","2.5-inch HDD, M.2 SSD, U.2 SSD",ATX
Gigabyte Z390 Designare,LGA 1151,Intel Z390,DDR4 4600 (OC),DDR4,"SATA6Gb/s, M.2 NVMe, PCIe x4","mSATA, M.2, U.2, SATA",ATX
Asrock B150M Combo-G,LGA 1151,Intel B150,DDR4 2133 MHz (OC),DDR4,"SATA III, PCIe NVMe, M.2","2.5"" HDD, M.2 SSD",Micro-ATX
Biostar A70MD Pro,FM2+,AMD A70M,1866MHz,DDR3,"SATA III, PCIe NVMe",,Micro-ATX
Gigabyte GA-H170M-D3H DDR3,LGA 1151,Intel H170,DDR3 1600MHz (assuming it only supports DDR3),DDR3,"SATA III, PCIe NVMe",,Micro-ATX
Asus Z170-Premium,LGA 1151,Intel Z170,DDR4-3400MHz,DDR4,"SATA III, PCIe NVMe","m.2, M.2 (Key E), U.2",ATX
EVGA X79 Classified,LGA 2011,Intel X79,2400MHz,DDR3,"SATA III, PCIe","2.5"" and 3.5""",XL-ATX
Asrock H97 Anniversary,LGA 1150,Intel H97,DDR3 3200,DDR3,"SATA III, PCIe NVMe, M.2","2.5"", 3.5""",ATX
Asrock X299 Killer SLI/ac,LGA 2066,Intel X299,DDR4-4600 (or DDR5-4800),DDR4 or DDR5,"SATA III, PCIe NVMe, M.2, U.2, USB-C","2.5"" HDD, M.2 SSD, U.2 SSD",ATX
MSI H110M PRO-VHL,LGA 1151,Intel H110,DDR4 2400 MHz,DDR4 SDRAM,"SATA III, M.2 NVMe, PCIe x2","2.5"", 3.5""",Micro-ATX
MSI B360 Gaming Pro Carbon,LGA 1151,Intel B360,DDR4-2400,DDR4,"M.2 NVMe, SATA III, USB",,ATX
MSI Z170A-G43 Plus,LGA 1151,Intel Z170,DDR4-3400,DDR4,"SATA III, PCIe NVMe, M.2 (SATA and PCIe), U.2",,ATX
Asus Z170-WS,LGA 1151,Intel Z170,DDR4 3200MHz,DDR4,"SATA III, PCIe NVMe, M.2 SATA, M.2 PCIe","2.5"", 3.5"", mSATA, M.2",ATX
EVGA Z370 FTW,LGA 1151,Intel Z370,DDR4-2666,DDR4,"SATA III, PCIe NVMe, M.2","2.5"", 3.5""",ATX
EVGA Z97 Classified,LGA 1150,Intel Z97,DDR3 3200MHz,DDR3,"SATA III, PCIe NVMe, M.2","2.5-inch HDD, M.2 SSD",E-ATX
Asrock Z270 Killer SLI,LGA 1151,Intel Z270,DDR4 3200 MHz,DDR4,"SATA III, M.2 NVMe, PCIe x4","2.5"", 3.5""",ATX
Gigabyte GA-970A-UD3 Rev. 1.0,AM3+,AMD 970,DDR3 2600MHz,DDR3,"SATA III, PCIe x2 (for NVMe and AHCI), IDE","2.5-inch HDD, M.2 SSD, mSATA SSD, UEFI flash drive",ATX
Asus ROG Maximus XI Gene,LGA 1151,Intel Z390,3200 MHz,DDR4,"SATA III, M.2 NVMe, PCIe NVMe","2.5"", mSATA, U.2",Micro-ATX
MSI X79A-GD45,LGA 2011,Intel X79,2400 MHz,DDR3,"SATA III, PCIe, AHCI","2.5"", 3.5""",ATX
Gigabyte B360 Aorus Gaming 3 Wifi,LGA 1151,Intel B360,DDR4 2400,DDR4,"M.2, SATA III, USB","2.5"" HDD, M.2 SSD, SATA DVD",ATX
Gigabyte GA-X99-Ultra Gaming Rev. 1.0,LGA 2011-3,Intel X99,DDR4 3200,DDR4,"SATA III, PCIe NVMe, M.2","2.5"", mSATA, M.2",ATX
MSI H310M Pro-D Plus,LGA 1151,Intel H310,DDR4 2400 MHz,DDR4,"SATA III, M.2 (Key M), PCIe NVMe",,Micro-ATX
Asus ROG Strix Z490-I Gaming,LGA 1200,Intel Z490,DDR4 3200 (OC),DDR4,"SATA III, M.2 NVMe",M.2,Mini-ITX
EVGA X299 Dark,LGA 2066,Intel X299,DDR4-2933,DDR4,"SATA III, PCIe NVMe","M.2, U.2, SATA",E-ATX
MSI H110I Pro AC,LGA 1151,Intel H110,DDR4 2400MHz,DDR4,"SATA III, M.2 (SATA & PCIe)",,Mini-ITX
Gigabyte GA-970-Gaming Rev. 1.0,AM3+,AMD 970,DDR3 1866 MHz (OC) / DDR3 1600 MHz (Non-OC),DDR3,"SATA III, IDE, PCIe x2 for Marvell SATA Controller",,ATX
Gigabyte H370 HD3,LGA 1151,Intel H370,DDR4-2666,DDR4,"SATA III, PCIe NVMe","2.5-inch HDD, M.2 SSD, M.2 NVMe SSD",ATX
Gigabyte GA-AX370-Gaming 3,AM4,AMD X370,DDR4 3200 MHz (OC),DDR4,"SATA III, PCIe NVMe, M.2 SATA","U.2, M.2 E-Key, M.2 B-Key",ATX
Asrock EPYC3251D4I-2T,Onboard CPU,SOC,DDR4-3200,DDR4,"SATA III, PCIe NVMe",None (assuming only Mini-ITX is supported),Mini-ITX
Gigabyte Z370N WiFi,LGA 1151,Intel Z370,DDR4 3200 MHz (OC),DDR4,"SATA III, PCIe NVMe, M.2 NVMe","M.2 (Key E), M.2 (Key M), U.2",Mini-ITX
Asrock H97M Anniversary,LGA 1150,Intel H97,DDR3 1600/1333/1066 MHz,DDR3,"SATA III, PCIe x4, M.2 (SATA and PCIe)","2.5-inch HDD, M.2 SSD",Micro-ATX
Asus B150 Pro Gaming,LGA 1151,Intel B150,"DDR4-2400 (or 2133MHz, depending on the RAM type)",DDR4 SDRAM,"SATA III, PCIe NVMe","2.5-inch HDD, M.2 SSD",ATX
Asus TUF Z370-Pro Gaming,LGA 1151,Intel Z370,DDR4 4800MHz,DDR4,"SATA III, M.2 NVMe, PCIe x4","2.5"", 3.5""",ATX
Asus ROG Maximus VIII Impact,LGA 1151,Intel Z170,DDR4 3400,DDR4,"SATA III, PCIe NVMe",2.5-inch and M.2 SSDs,Mini-ITX
Biostar B250ET2,LGA 1151,Intel B250,DDR4 2400 MHz,DDR4,"SATA III, M.2 (SATA/SPI)",,Micro-ATX
Asus ROG Strix Z270G Gaming,LGA 1151,Intel Z270,DDR4 3400 MHz (OC),DDR4,"SATA III, M.2 (NVMe), PCIe x16","U.2, M.2 (22x80mm, SATA/PCIe)",Micro-ATX
Asrock B150 Combo,LGA 1151,Intel B150,DDR4 2400,DDR4,"SATA III, M.2","2.5"", mSATA, M.2",ATX
MSI B350M Pro-VH Plus,AM4,AMD B350,DDR4 3200 MHz,DDR4,"SATA III, M.2 NVMe, M.2 SATA","PCIe x16, PCIe x4, USB-A, USB-C, HDMI, DisplayPort",Micro-ATX
Asus ROG Dominus Extreme,LGA 3647,Intel C621,DDR4-2933 (or higher with overclocking),DDR4,"SATA III, PCIe NVMe, M.2, U.2","2.5"", 3.5""",SSI-EEB
Asrock H110M-HDVP,LGA 1151,Intel H110,DDR4 2133,DDR4,"SATA III, M.2 (NAND), M.2 (SATA)","M.2, mSATA, UEFI, USB",Micro-ATX
ECS H110I-C33,LGA 1151,Intel H110,DDR4 2400MHz,DDR4,"SATA III, M.2","2.5-inch HDD, M.2 SSD",Mini-ITX
MSI B350 Krait Gaming,AM4,AMD B350,3200 MHz (Dual Channel),DDR4,"SATA III, M.2 NVMe, M.2 SATA","M.2 SSD, mSATA SSD, SATA HDD",ATX
SOYO SY-B250D4W+,LGA 1151,Intel B250,DDR4-2400,DDR4,"SATA III, PCIe NVMe","2.5"" HDD, M.2 SSD",Micro-ATX
Asrock H170M Pro4S,LGA 1151,Intel H170,DDR4 2133 (OC),DDR4,"SATA6Gb/s, M.2, PCIe",Micro-ATX,Micro-ATX
Gigabyte Z390 Aorus Xtreme Waterforce 5G,LGA 1151,Intel Z390,DDR4 4600MHz (OC),DDR4,"M.2 NVMe, SATA III, PCIe 3.0 x4","M.2, U.2, SATA III, PCIe",E-ATX
Asrock AB350M,AM4,AMD B350,3200MHz (according to Asrock's official documentation),DDR4,"SATA III, PCIe x2 (for NVMe), M.2 (with support for NVMe and AHCI)",Micro-ATX,Micro-ATX
Supermicro X11DPH-Tq,2x LGA 3647,Intel C628,DDR4-2933,DDR4,"SATA III, PCIe NVMe, M.2, U.2","2.5"" HDD, 3.5"" HDD, SSD",E-ATX
MSI Z97-GD65 Gaming,LGA 1150,Intel Z97,DDR3-3000 (although it may support lower speeds),DDR3,"SATA III, PCIe NVMe, M.2","2.5-inch HDD, M.2 SSD",ATX
Gigabyte GA-H170-HD3 DDR3,LGA 1151,Intel H170,2400MHz (DDR3-2400),DDR3,"SATA III, PCIe NVMe, M.2","2.5"", 3.5""",ATX
Asrock B150M-HDS,LGA 1151,Intel B150,2400 MHz (assuming it supports DDR4 memory),DDR4,"SATA III, M.2","2.5"" SSD",Micro-ATX
Asrock Fatal1ty FM2A88X+ Killer,FM2+,AMD A88X,2133 MHz (since it's an FM2+ motherboard),DDR3,"SATA III, eSATA, M.2, USB 3.0",ATX (since that's the form factor of the motherboard itself),ATX
MSI B150M PRO-VD,LGA 1151,Intel B150,DDR4-2133MHz,DDR4,"SATA III, M.2 NVMe, M.2 SATA",U.2,Micro-ATX
Gigabyte GA-Z270X-Gaming 8,LGA 1151,Intel Z270,2400MHz (DDR4),DDR4,"SATA III, PCIe NVMe, M.2","2.5"", M.2",ATX
Asrock Z170M-ITX/ac,LGA 1151,Intel Z170,DDR4 3200,DDR4,"SATA III, PCIe NVMe",,Mini-ITX
Asrock Fatal1ty Z170 Gaming K4,LGA 1151,Intel Z170,DDR4-3400(O.C.),DDR4,"SATA III, M.2 NVMe, UEFI Flash","2.5"" and 3.5"" HDDs, M.2 SSDs",ATX
ECS H110T-SI01,LGA 1151,Intel H110,DDR3-1600/DDR4-2133,DDR3/DDR4,"SATA III, M.2 (SATA/SPI)","mSATA, M.2",Thin Mini-ITX
Gigabyte GA-Z170X-UD5 TH,LGA 1151,Intel Z170,DDR4 2400 MHz,DDR4 SDRAM,"SATA III, M.2 (PCIe), M.2 (SATA), UFS","M.2, mSATA",ATX
NZXT N7 Z370 Black,LGA 1151,Intel Z370,DDR4 3200MHz,DDR4,"SATA III, PCIe NVMe","2.5"" and 3.5""",ATX
Asus Trooper B150 D3,LGA 1151,Intel B150,DDR4 2400MHz (assuming this is the maximum RAM speed supported by the board),DDR4 (assuming this is the type of memory supported by the board),"SATA III, PCIe NVMe, M.2 (based on common storage interfaces supported by Intel B150 chipset)","2.5"" HDD, M.2 SSD (based on common form factors supported by motherboard)",ATX
MSI H110M PRO-VDL,LGA 1151,Intel H110,DDR4-2400,DDR4,"SATA III, M.2 (SATA), M.2 (PCIe)","2.5-inch HDD, M.2 SSD",Micro-ATX
Asrock Fatal1ty B150 Gaming K4/Hyper,LGA 1151,Intel B150,DDR3-1600/PC3-12800 (but please note that this motherboard only supports DDR3 RAM),DDR3,"SATA III, M.2","mSATA, M.2",ATX
Asrock X299 Taichi XE,LGA 2066,Intel X299,DDR4-3200,DDR4,"SATA III, PCIe NVMe, M.2, U.2","M.2 (Key E), M.2 (Key M)",ATX
MSI Z270 Tomahawk OPT Boost,LGA 1151,Intel Z270,2400MHz,DDR4,"SATA III, M.2 NVMe, PCIe NVMe","2.5"", 3.5""",ATX
Maxsun MS-B250M Gaming,LGA 1151,Intel B250,DDR4 2400MHz,,"SATA6Gb/s, M.2 (SATA and PCIe)",,Micro-ATX
MSI Z97 Guard-Pro,LGA 1150,Intel Z97,DDR3-3200 (or up to 2133 MHz depending on the memory kit used),DDR3,"SATA III, PCIe NVMe, PCIe AHCI","2.5-inch SSD, mSATA SSD, M.2 NVMe SSD",ATX
MSI H310M Gaming Arctic,LGA 1151,Intel H310,DDR4 2400 MHz,DDR4,"SATA III, M.2 (SATA and PCIe)","2.5"" HDD, M.2 SSD",Micro-ATX
Gigabyte GA-Z270X-Gaming 9,LGA 1151,Intel Z270,DDR4 3200MHz,DDR4,"M.2 NVMe, SATA III, UFS",,E-ATX
Asrock B550 Phantom Gaming 4/ac,AM4,AMD B550,DDR4 4800MHz/OC (supports DDR4-3200 and DDR5-5200),"DDR4, DDR5","SATA III, PCIe NVMe, M.2","M.2, U.2, SATA",ATX
MSI B150M Bazooka D3,LGA 1151,Intel B150,DDR4-2400,,"SATA III, PCIe x4, M.2, USB",,Micro-ATX
Gigabyte MZ31-AR0,SP3,None + None,DDR4 3200MHz,DDR4,"SATA III, PCIe NVMe, M.2","HDD, SSD",E-ATX
Asrock FM2A88X Extreme4+,FM2+,AMD A88X,1600 MHz (OC),DDR3,"SATA III, PCIe, M.2","mSATA, SATA, mPCIe, PCI-E",ATX
Asus E3-Pro V5,LGA 1151,Intel C232,DDR4 2400 MHz,DDR4,"SATA III, M.2 (SATA & PCIe)","2.5-inch and 3.5-inch hard drives, M.2 SSDs",ATX
Supermicro X11DAi-N,2x LGA 3647,Intel C621,DDR4-2933,DDR4,"SATA III, M.2 NVMe, U.2 NVMe, SAS/SATA","2.5"", 3.5""",E-ATX
Gigabyte GA-B250-D3A,LGA 1151,Intel B250,DDR4 2400/2133 MHz,DDR4,"SATA III, M.2 NVMe, PCIe NVMe","M.2 (Key A and Key E), U.2",ATX
Asrock H110M-DVS/D3,LGA 1151,Intel H110,DDR4-2133 (assuming this is the maximum speed supported by the board),DDR4,"SATA III, M.2","2.5-inch, M.2",Micro-ATX
MSI MPG Z390I Gaming Edge AC,LGA 1151,Intel Z390,DDR4 3200 (OC),DDR4,"M.2 NVMe, SATA III, PCIe x4",M.2,Mini-ITX
Asrock H170 Pro4/Hyper,LGA 1151,Intel H170,2400MHz (assuming it supports DDR4-2400),DDR4,"SATA III, M.2","2.5"", 3.5""",ATX
Gigabyte GA-X150M-Pro ECC,LGA 1151,Intel C232,DDR4 2400MHz,DDR4,"SATA, PCIe NVMe","2.5"", M.2",Micro-ATX
Maxsun MS-A970FX Turbo,AM3+,AMD 970,DDR3 1600 MHz,DDR3,"SATA III, IDE",,Micro-ATX
Gigabyte GA-Z170N-WIFI Rev. 1.0,LGA 1151,Intel Z170,DDR4 2400/2133,DDR4,"SATA III, PCIe NVMe, M.2, UFS","M.2 SSD, mSATA SSD, USB Flash Drive",Mini-ITX
MSI B150I Gaming Pro AC,LGA 1151,Intel B150,DDR4 2400,DDR4,"SATA III, M.2 (SATA & PCIe), USB-C",,Mini-ITX
Asrock Fatal1ty Z170 Gaming K4/D3,LGA 1151,Intel Z170,DDR4-3400,DDR4 SDRAM,"SATA III, M.2, U.2","mSATA, SATA Express, M.2 (NGFF)",ATX
Asus TUF Z270 Mark 1,LGA 1151,Intel Z270,DDR4-3200 (OC) / DDR4-2400 (non-OC),DDR4,"SATA III, M.2 (NVMe), U.2","2.5"", 3.5""",ATX
Asrock IMB-790,LGA 1151,Intel Q170,DDR4 2400MHz,DDR4,"SATA III, M.2 NVMe, PCIe x4","2.5-inch HDD, M.2 SSD",ATX
Gigabyte GA-AB350M-Gaming 3,AM4,AMD B350,DDR4 3200MHz,DDR4,"SATA III, PCIe NVMe","2.5"", M.2",Micro-ATX
Asrock X99 OC Formula/3.1,LGA 2011-3,Intel X99,DDR4 3200 (OC),DDR4,"SATA III, PCIe NVMe, M.2, UEFI","2.5"" HDD, M.2 SSD",E-ATX
Gigabyte GA-AX370M-Gaming 3,AM4,AMD X370,DDR4 3200 MHz,DDR4,"M.2 NVMe, SATA III, U.2",,Micro-ATX
Asrock X470 Master SLI,AM4,AMD X470,DDR4 3200,DDR4,"SATA6Gb/s, M.2 (Key E), M.2 (Key M)",,ATX
Asrock Z170M OC Formula,LGA 1151,Intel Z170,3866MHz (OC),DDR4,"SATA III, PCIe NVMe, M.2","2.5"" HDD, M.2 SSD, mSATA SSD",Micro-ATX
Asrock Z97 Extreme9,LGA 1150,Intel Z97,DDR3 3200 (OC) / DDR3 2400 (Standard),DDR3,"SATA III, PCIe NVMe","2.5"" HDD, M.2 SSD, mSATA",ATX
Asus Prime H370-Plus,LGA 1151,Intel H370,DDR4 2400MHz,DDR4,"SATA III, M.2 NVMe, PCIe NVMe","2.5-inch HDD, M.2 SSD",ATX
Asrock 970 Pro3 R2.0,AM3+,AMD 970,DDR-2600,DDR3,"SATA III, PCIe NVMe","2.5"", 3.5""",ATX
Gigabyte GA-970A-UD3P Rev. 1.0,AM3+,AMD 970,DDR3-1866,DDR3,"SATA III, SATA II, IDE","2.5"", 3.5""",ATX
Fujitsu D3410-B2,LGA 1151,Intel B150,DDR3 1600/DDR4 2133,,"SATA III, M.2 NVMe","UEFI Shell, USB, SD/MMC",Micro-ATX
Biostar B250GT5,LGA 1151,Intel B250,DDR4 2400,,"SATA, M.2 (NVMe), PCIe","2.5""",ATX
Asus TUF Z390M-Pro Gaming (Wi-Fi),LGA 1151,Intel Z390,DDR4 4400 MHz,DDR4,"SATA III, M.2 NVMe, PCIe x4","HDD, SSD, M.2 NVMe",Micro-ATX
Asrock X570 Aqua,AM4,AMD X570,3200 MHz (or higher),DDR4,"SATA III, PCIe NVMe, M.2","2.5-inch HDD, M.2 SSD, U.2 SSD",E-ATX
Gigabyte GA-B150M-DS3H DDR3,LGA 1151,Intel B150,1600MHz (assuming it's a DDR3 RAM speed),DDR3,"SATA III, M.2 (SATA and PCIe), USB","2.5-inch HDD, M.2 SSD",Micro-ATX
Gigabyte GA-B150N Phoenix-WIFI,LGA 1151,Intel B150,DDR4 2133,DDR4,"SATA III, M.2 (SATA and PCIe)","2.5""",Mini-ITX
Fujitsu D3598-B,LGA 2066,Intel C422,DDR4-2400,DDR4,"SATA III, PCIe NVMe, M.2","2.5-inch, mSATA, M.2, U.2",ATX
Gigabyte GA-X150M-Plus WS,LGA 1151,Intel C232,DDR4 2133,DDR4,"SATA III, PCIe NVMe","2.5-inch HDD, M.2 SSD",Micro-ATX
Asrock B150TM-ITX TPM R2.0,LGA 1151,Intel B150,DDR4-2400,,"SATA III, M.2 (NVMe), M.2 (SATA)",,Thin Mini-ITX
EVGA Z270 Stinger,LGA 1151,Intel Z270,DDR4 3200MHz,DDR4,"SATA III, M.2 NVMe, PCIe x4","2.5-inch HDD, M.2 SSD",Mini-ITX
Colorful Battle Flag C.X370AK X5,AM4,AMD X370,DDR4 3200 MHz,DDR4,"SATA III, PCIe NVMe, M.2","M.2, SATA",ATX
Biostar B365MHC,LGA 1151,Intel B365,DDR4 2400MHz (or 3200MHz depending on the specific RAM module),DDR4,"SATA III, M.2 NVMe","2.5"", M.2",Micro-ATX
Gigabyte GA-Z270X-UD5,LGA 1151,Intel Z270,DDR4 3200MHz (OC),DDR4,"SATA III, PCIe NVMe, M.2",,ATX
Asus ROG Strix Z370-I Gaming,LGA 1151,Intel Z370,DDR4-3200,DDR4,"SATA III, PCIe NVMe","M.2 (SATA & PCIe), U.2",Mini-ITX
Asrock H110M-DGS/D3,LGA 1151,Intel H110,DDR4-2400,DDR4,"SATA III, M.2 (SATA & PCIe), USB-C","2.5"" and 3.5""",Micro-ATX
Biostar TA990FXE,AM3+,AMD 990FX,DDR3-1866 (2400MHz ECC),DDR3,"SATA III, PCIe x2, PCIe x4","SSD, HDD",ATX
Asrock B460M-HDV,LGA 1200,Intel B460,DDR4 3200,DDR4,"SATA III, M.2 (NVMe/SATA)","2.5""",Micro-ATX
Gigabyte GA-Z170X-UD5,LGA 1151,Intel Z170,DDR4 3200 MHz,DDR4,"SATA III, PCIe NVMe, M.2, USB-C, UFS","2.5"", 3.5"", M.2",ATX
Asus WS C422 PRO/SE,LGA 2066,Intel C422,DDR4-2400,DDR4,"SATA III, M.2, U.2","AHCI, RAID",ATX
EVGA X99 FTW,LGA 2011-3,Intel X99,DDR4 2133MHz (or OC to 3200MHz),DDR4,"SATA III, PCIe NVMe, M.2","2.5"" HDD, mSATA SSD, M.2 SSD",E-ATX
Asus ROG Strix B250I Gaming,LGA 1151,Intel B250,DDR4 2400MHz,DDR4,"SATA III, M.2 (Key E)",,Mini-ITX
MSI Z170A Krait Gaming R6 Siege,LGA 1151,Intel Z170,DDR4-3200,DDR4,"SATA III, M.2 NVMe, PCIe x4",M.2,ATX
Asrock X99E-ITX/ac,LGA 2011-3,Intel X99,DDR4 3200 MHz,DDR4,"SATA III, M.2 (SATA and PCIe), U.2",Mini-ITX,Mini-ITX
Gigabyte GA-H110M-D3H R2 TPM,LGA 1151,Intel H110,DDR4 2400 MHz,DDR4,"SATA III, M.2 (SATA and PCIe)","2.5"" HDD, M.2 SSD",Micro-ATX
Biostar TPower X79,LGA 2011,Intel X79,DDR3-1866MHz (or higher with overclocking),DDR3,"SATA III, eSATA, PCIe x2","2.5"" and 3.5"" HDDs, SSDs, M.2 SSDs",ATX
Asrock 880GM-LE,AM3,AMD 880G,DDR2-1066,DDR2,"SATA II, IDE, USB",,Micro-ATX
MSI Z170A SLI Plus,LGA 1151,Intel Z170,DDR4 2400MHz,DDR4,"SATA III, PCIe NVMe, M.2","2.5"", 3.5""",ATX
MSI Z270 MPower Gaming Titanium,LGA 1151,Intel Z270,DDR4-3866MHz (OC),DDR4,"SATA III, PCIe x4, M.2 NVMe","2.5"" and 3.5"" HDD, M.2 SSD",ATX
Sapphire Pure Black X79N,LGA 2011,Intel X79,DDR3 2400MHz,DDR3,"SATA III, PCIe x16","2.5"" and 3.5""",ATX
Gigabyte GA-X58A-OC,LGA 1366,Intel X58,DDR3-3200,DDR3,"SATA II, SATA III, PCIe x4","2.5"", 3.5""",E-ATX
Asrock Q170M vPro,LGA 1151,Intel Q170,DDR4-2400,DDR4,"SATA6Gb/s, M.2 (Key E), PCIe x4",,Micro-ATX
Asrock X99 Extreme4,LGA 2011-3,Intel X99,DDR4 3200,DDR4,"SATA III, PCIe NVMe","2.5"", 3.5""",ATX
ECS A970M-A Deluxe,AM3+,AMD 970,DDR3-1866,DDR3,"SATA III, PCIe","2.5"", 3.5""",ATX
MSI X79A-GD45 (8D),LGA 2011,Intel X79,1600MHz,DDR3,"SATA III, PCIe, AHCI","2.5""",ATX
MSI B360M Pro-VH,LGA 1151,Intel B360,DDR4 2400,DDR4,"SATA III, PCIe x2","2.5"" and 3.5""",Micro-ATX
Gigabyte GA-Z270X-Gaming 5,LGA 1151,Intel Z270,2400 MHz (OC) / 2133 MHz (Native),DDR4,"SATA III, M.2 NVMe, U.2, PCIe 3.0 x4 for NVMe/SATA drives","M.2, mSATA, SATA III, U.2, PCIe",ATX
Asrock B150M-ITX/D3,LGA 1151,Intel B150,DDR4 2133 MHz,DDR4,"SATA III, M.2 NVMe, PCIe x2","2.5-inch hard drive, M.2 SSD",Mini-ITX
Asrock H97M-ITX/ac,LGA 1150,Intel H97,DDR3 1600/1333 MHz,DDR3,"SATA III, USB-C, M.2","mSATA, micro-SD, SD-card",Mini-ITX
Biostar Hi-Fi A70U3P Rev. 1.4,FM2+,AMD A70M,DDR3 2133MHz,,"SATA III, M.2 SATA","mSATA, UEFI, PCIE",Micro-ATX
Asus ROG Maximus V Formula/ThunderFX,LGA 1155,Intel Z77,DDR3 2600 (OC),DDR3,"SATA III, PCIe, M.2, USB","2.5"", 3.5""",E-ATX
Gigabyte GA-Z170-Gaming K3 Rev. 1.0,LGA 1151,Intel Z170,DDR4 2400MHz,DDR4,"SATA III, M.2, PCIe NVMe","2.5"", 3.5""",ATX
Gigabyte GA-Z170X-Gaming GT,LGA 1151,Intel Z170,DDR4-3200,DDR4,"SATA III, M.2, PCIe NVMe","mSATA, M.2, U.2",ATX
SOYO SY-Gaming Z270,LGA 1151,Intel Z270,DDR4 3200MHz (OC),DDR4,"SATA III, PCIe x4, M.2, U.2","SATA III, mSATA, M.2, U.2",ATX
Asrock X570 Phantom Gaming X,AM4,AMD X570,3200 MHz,DDR4,"SATA III, M.2 NVMe, PCIe x4","U.2, mSATA, M.2",ATX
MSI Z370I Gaming Pro Carbon AC,LGA 1151,Intel Z370,2400MHz ( DDR4 ),DDR4,"SATA III, PCIe NVMe","M.2, U.2, SATA, PCIe",Mini-ITX
Asus ROG Maximus VIII Formula,LGA 1151,Intel Z170,DDR4-3200,DDR4,"SATA III, M.2 NVMe, PCIe NVMe","SSD (2x M.2, 6x SATA), HDD (2x SATA)",ATX
MSI Z170A-G45 Gaming,LGA 1151,Intel Z170,DDR4-3400,DDR4,"SATA III, PCIe NVMe, M.2","2.5-inch, M.2",ATX
Gigabyte G1.Assassin,LGA 1366,Intel X58,DDR3 2400MHz,DDR3,"SATA III, eSATA, PCIe x16","2.5"", 3.5""",XL-ATX
Asrock A320M-DVS R3.0,AM4,AMD A320,2400 MHz,DDR4,"SATA III, M.2 (SATA and PCIe), USB",,Micro-ATX
Asrock B550 Phantom Gaming 4,AM4,AMD B550,DDR4-4733 (OC) / DDR4-4600 (Unlocked),DDR4,"SATA III, M.2 NVMe, M.2 SATA, U.2","PCIe x16 Gen 4, PCIe x4 Gen 3, PCIe x1, PCI, M.2, U.2, SATA III, USB",ATX
Colorful iGame Z270I-WF Gaming,LGA 1151,Intel Z270,DDR4 2400MHz,DDR4,"SATA III, M.2, PCIe NVMe","2.5-inch HDD, M.2 SSD",Mini-ITX
Supermicro X11DPH-T,2x LGA 3647,Intel C624,DDR4-2933MHz,DDR4,"SATA III, M.2 NVMe, PCIe NVMe","2.5"", 3.5""",E-ATX
Asrock H110M Combo-G,LGA 1151,Intel H110,DDR4 2133MHz,DDR4,"SATA III, M.2 (Key E)",,Micro-ATX
Asrock H170M-ITX/ac,LGA 1151,Intel H170,DDR4 2133MHz,DDR4 SDRAM,"SATA III, M.2 (SATA & PCIe), USB-C",Mini-ITX,Mini-ITX
Gigabyte GA-X170-WS ECC,LGA 1151,Intel C236,DDR4 2400,DDR4,"SATA III, M.2 NVMe, PCIe","AHCI, UEFI",ATX
Supermicro X11SSH-F,LGA 1151,Intel C236,DDR4-2400,DDR4,"SATA III, M.2 NVMe, PCIe","2.5"", M.2",Micro-ATX
MSI X79A-GD65 (8D),LGA 2011,Intel X79,DDR3-2400 MHz,DDR3,"SATA III, PCIe x4, AHCI","2.5"", 3.5""",ATX
Asrock AB350M Pro4/Dash,AM4,AMD B350,3200MHz (or OC to 3866MHz),DDR4,"SATA III, M.2",,Micro-ATX
Gigabyte GA-990FXA-UD7 Rev. 3.0,AM3+,AMD 990FX,DDR3 2400 MHz,DDR3,"SATA III, PCIe x2, M.2 (M key)","2.5"", 3.5""",E-ATX
ECS A960M-M2,AM3+,AMD 760G,DDR3-1333,DDR3,"SATA II, IDE","2.5"" HDD, SSD, CD/DVD ROM, Floppy Disk Drive",Micro-ATX
Asrock B150M Pro4S/D3,LGA 1151,Intel B150,DDR4 2133MHz,DDR4,"SATA6Gb/s, PCIe x2 NVMe","2.5"", mSATA",Micro-ATX
Asus WS Z390 Pro,LGA 1151,Intel Z390,DDR4 3200MHz,DDR4,"M.2, SATA III, PCIe NVMe","M.2, U.2, SATA, mSATA",ATX
Asrock B550 Taichi,AM4,AMD B550,4800 MHz,DDR4/DDR5 (depending on the installed memory modules),"SATA III, PCIe NVMe, M.2, USB-C",UEFI,ATX
Asrock Z490M Pro4,LGA 1200,Intel Z490,DDR4 4800(O.C.),DDR4,"SATA, M.2 NVMe PCIe",,Micro-ATX
Asrock Fatal1ty 970 Performance/3.1,AM3+,AMD 970,1866 MHz,DDR3,"SATA III, SATA II, IDE","Hard Drive, SSD, M.2",ATX
Biostar J3160NH,Onboard CPU,SOC,DDR3 1333MHz,DDR3,"SATA III, M.2 (SATA and PCIe)",,Mini-ITX
Supermicro X11DPH-i,2x LGA 3647,Intel C622,DDR4-2400 MHz,DDR4,"SATA III, PCIe NVMe, M.2 NVMe, U.2 NVMe","2.5"" SSD, M.2 SSD, U.2 SSD",E-ATX
Asrock B150M-ITX,LGA 1151,Intel B150,DDR4 2400,,"SATA III, M.2 (SATA and PCIe)","M.2, U.2",Mini-ITX
Asrock B550 Extreme4,AM4,AMD B550,5100 MHz (OC),"DDR4, DDR5","SATA III, PCIe NVMe, M.2","U.2, M.2",ATX
Gigabyte GA-H110-D3,LGA 1151,Intel H110,DDR4 2400MHz,DDR4,"SATA III, M.2","2.5"", 3.5""",ATX
Asus Q170T,LGA 1151,Intel Q170,DDR4 2400MHz,DDR4,"SATA III, M.2 NVMe",,Thin Mini-ITX
Asrock Fatal1ty H97 Killer,LGA 1150,Intel H97,DDR3 16000 MHz (PC4-12800),DDR3,"SATA III, PCIe NVMe","2.5"", M.2",ATX
Gigabyte GA-H110M-M.2,LGA 1151,Intel H110,DDR4-2400,DDR4,"SATA III, M.2 NVMe",M.2,Micro-ATX
Biostar B350GT3,AM4,AMD B350,3200 MHz,DDR4,"SATA III, M.2 NVMe","2.5-inch HDD, M.2 SSD",Micro-ATX
Supermicro X11SSH-LN4F,LGA 1151,Intel C236,DDR4-2400,DDR4,"SATA III, PCIe NVMe","2.5"" and 3.5""",Micro-ATX
Asrock Fatal1ty B450 Gaming-ITX/ac,AM4,AMD B450,3200 MHz,DDR4,"SATA III, M.2 (NVMe)","mSATA, M.2",Mini-ITX
ECS H110M4-C3V,LGA 1151,Intel H110,DDR4 2400,DDR4,"SATA III, M.2 (SATA and PCIe)",,Micro-ATX
Maxsun MS-Z170 Pro Terminator,LGA 1151,Intel Z170,DDR4-3200,DDR4,"SATA III, PCIe NVMe, M.2",M.2,ATX
MSI H370M Bazooka,LGA 1151,Intel H370,DDR4 2400 MHz,DDR4,"SATA III, M.2 (SATA and PCIe)","HDD, SSD",Micro-ATX
Asus Prime H310M-A,LGA 1151,Intel H310,DDR4 2400 MHz,DDR4,"SATA III, M.2 (SATA and PCIe)","2.5-inch HDD, M.2 SSD",Micro-ATX
MSI B250I Pro,LGA 1151,Intel B250,DDR4 2400MHz,DDR4,"SATA III, M.2 NVMe, PCIe NVMe","2.5"", M.2",Mini-ITX
Asrock X299 Steel Legend,LGA 2066,Intel X299,DDR4 4600+(OC),DDR4,"SATA III, PCIe NVMe, M.2","M.2 (SATA, PCIe), U.2",ATX
Asrock B365M-ITX/ac,LGA 1151,Intel B365,DDR4 3200 MHz,DDR4,"SATA III, M.2 NVMe, M.2 SATA","mSATA, M.2",Mini-ITX
Asrock H110TM-ITX,LGA 1151,Intel H110,DDR4 2133 MHz,DDR4 SDRAM,"SATA III (6Gb/s), M.2 (NGFF)",Mini-ITX,Thin Mini-ITX
Asus ROG Crosshair VIII Formula,AM4,AMD X570,4800 MHz (OC) / 3200 MHz (Non-OC),DDR4,"M.2 NVMe, SATA III, PCIe x4, U.2","M.2, SATA",ATX
MSI H370 Gaming Pro Carbon,LGA 1151,Intel H370,DDR4 2400 MHz,DDR4,"SATA III, M.2 NVMe, PCIe x4","M.2 (2280), U.2, SATA",ATX
Asus ROG Crosshair VII Hero,AM4,AMD X470,DDR4 3200MHz (OC),DDR4 SDRAM,"SATA III, M.2 NVMe, U.2 NVMe, USB 3.1 Gen 2","M.2, U.2",ATX
MSI B250M Bazooka Opt Boost,LGA 1151,Intel B250,DDR4 2400MHz,DDR4,"SATA III, PCIe x4","M.2, U.2",Micro-ATX
Gigabyte GA-X170-Extreme ECC,LGA 1151,Intel C236,DDR4 2400,DDR4,"SATA III, M.2 NVMe, PCIe x4","SATA, mSATA, M.2",ATX
Asus ROG Strix X299-E Gaming,LGA 2066,Intel X299,DDR4-3200,DDR4,"SATA III, PCIe NVMe, M.2, U.2","2.5"", 3.5""",ATX
EVGA Z370 Micro,LGA 1151,Intel Z370,DDR4 2400,DDR4,"SATA III, PCIe NVMe, M.2","2.5"", mSATA",Micro-ATX
MSI H110I Pro,LGA 1151,Intel H110,DDR4 2133,DDR4,"SATA III, M.2 (SATA and PCIe)",,Mini-ITX
Asrock H170 Pro4/D3,LGA 1151,Intel H170,DDR4 2400 (OC),DDR4,"SATA III, M.2, PCIe NVMe","mSATA, M.2, SATA HDD/SSD, PCIe NVMe SSD",ATX
Asus H170-Pro,LGA 1151,Intel H170,DDR4-2400,DDR4,"SATA III, M.2, PCIe NVMe","2.5"", mSATA, M.2",ATX
Asrock X58 Deluxe,LGA 1366,Intel X58,DDR3 1600MHz (OC),DDR3,"SATA II, SATA III, eSATA, PCIe x2, PCIe x4","HDD, SSD",ATX
Asrock Z370 Killer SLI,LGA 1151,Intel Z370,DDR4 3200,DDR4,"SATA III, M.2 NVMe, U.2","2.5-inch HDD, M.2 SSD",ATX
Biostar TB250-BTC D+,LGA 1151,Intel B250,DDR4-2400,DDR4,"SATA III, PCIe NVMe",M.2,Proprietary
Asrock H110M-GL/D3,LGA 1151,Intel H110,DDR4 2133 MHz (or OC to DDR4 2400 MHz),DDR4 SDRAM,"SATA III, PCIe NVMe","2.5"", M.2",Micro-ATX
Asrock H170 Combo,LGA 1151,Intel H170,DDR3/DDR4 2400MHz,DDR3/DDR4,"SATA III, PCIe NVMe","2.5"", M.2, U.2",ATX
MSI B150M PRO-VD D3,LGA 1151,Intel B150,DDR4 2400 MHz,DDR4,"SATA III, M.2","2.5-inch HDD, M.2 SSD",Micro-ATX
Asrock IMB-390-L,LGA 1151,Intel Q170,DDR4 2400MHz (or OC to DDR4 3200MHz),DDR4,"SATA III, M.2 NVMe, U.2 NVMe","SATA III (HDD/SSD), M.2 NVMe (SSD), U.2 NVMe (SSD)",Micro-ATX
Gigabyte GA-990FXA-UD3 Rev. 1.2,AM3+,AMD 990FX,DDR3 2400MHz,DDR3,"SATA III, PCIe, eSATA","2.5"", 3.5""",ATX
Asrock X99 Extreme11,LGA 2011-3,Intel X99,DDR4 3200,DDR4,"SATA III, M.2, PCIe NVMe","2.5"", 3.5""",E-ATX
Asus EX-B360M-V5,LGA 1151,Intel B360,DDR4 2400MHz (OC),DDR4 SDRAM,"SATA III, M.2 NVMe, UFS","2.5-inch HDD, M.2 SSD, SATA DVD/CD",Micro-ATX
Asrock B150M Pro4/D3,LGA 1151,Intel B150,DDR4 2400MHz,DDR4,"SATA III, M.2, PCIe NVMe","2.5"", 3.5""",Micro-ATX
Gigabyte H310M S2V,LGA 1151,Intel H310,DDR4 2400,DDR4,"SATA III, PCIe NVMe","HDD, SSD",Micro-ATX
Gigabyte C621 Aorus Xtreme,LGA 3647,Intel C621,DDR4-3200,DDR4,"SATA III, PCIe NVMe","2.5-inch HDD, M.2 SSD",E-ATX
Supermicro X11DDW-NT,2x LGA 3647,Intel C622,DDR4-2933 MHz,DDR4,"SATA III, PCIe NVMe, M.2 NVMe, U.2","EDSFF, SFF-TA",Proprietary
Asrock H310M-HDV,LGA 1151,Intel H310,DDR4 2400,DDR4,"SATA III, M.2 (NVMe), M.2 (SATA)",,Micro-ATX
Gigabyte GA-H170M-HD3 DDR3,LGA 1151,Intel H170,2400MHz (based on the DDR3 memory type),DDR3,"SATA III, M.2 (SATA and PCIe), USB-C","2.5-inch HDD, M.2 SSD",Micro-ATX
MSI Z270 Gaming M6 AC,LGA 1151,Intel Z270,DDR4-3400,DDR4,"SATA III, PCIe NVMe, M.2","2.5-inch HDD, M.2 SSD, mSATA SSD",ATX
Asus ROG Blitz Formula,LGA 775,Intel P35,DDR2-1066MHz,DDR2,"SATA II, PCIe x1, IDE",,ATX
Asus TUF Z390-Pro Gaming,LGA 1151,Intel Z390,DDR4 4600(O.C.),DDR4,"SATA III, PCIe NVMe, M.2 (Key E), U.2","AHCI, RAID",ATX
Gigabyte X299 UD4 EX,LGA 2066,Intel X299,DDR4 3200MHz (OC),DDR4,"SATA III, PCIe NVMe","M.2, U.2, SATA",ATX
MSI H110 PC Mate,LGA 1151,Intel H110,DDR4-2400,DDR4,"SATA III, M.2, PCIe NVMe","2.5"", 3.5""",ATX
Asrock B460 Steel Legend,LGA 1200,Intel B460,DDR4 3200(O.C.),DDR4,"SATA III, M.2 NVMe, M.2 SATA","2.5"", 3.5""",ATX
Asus TUF B450-Pro Gaming,AM4,AMD B450,3200 MHz (assuming this is the maximum RAM speed supported by the motherboard),DDR4 (since it's an AM4 socket and supports DDR4 memory type),"SATA, PCIe NVMe (likely supports M.2 and SATA III ports for storage devices)","U.2, M.2, SATA (supports various form factors for storage devices like U.2, M.2, and traditional SATA interfaces)",ATX
Asus ROG Strix B360-F Gaming,LGA 1151,Intel B360,DDR4 2400MHz,DDR4 SDRAM,"SATA III, PCIe NVMe, M.2 (Key E)",M.2 SSD,ATX
MSI B150M Gaming Pro,LGA 1151,Intel B150,DDR4 2400MHz,DDR4,"SATA III, M.2, PCIe NVMe","2.5"", mSATA",Micro-ATX
Gigabyte G1.Sniper,LGA 1366,Intel X58,DDR3 2600 (OC),DDR3,"SATA III, SATA II, IDE, eSATA","HDD, SSD, USB Drive",E-ATX
Asus ROG Crosshair VI Hero Wi-Fi AC,AM4,AMD X370,3200 MHz (PCIe 3.0),DDR4 SDRAM,"SATA III, M.2 NVMe, PCIe x4","M.2, U.2",ATX
Asrock Fatal1ty 990FX Killer/3.1,AM3+,AMD 990FX,DDR3 2400MHz,DDR3,"SATA III, PCIe x4, PCIe x16","HDD, SSD, M.2",ATX
MSI B450M Gaming Plus,AM4,AMD B450,3200 MHz (assuming it's a DDR4-capable board),DDR4,"SATA III, M.2 NVMe","M.2, U.2, SATA",Micro-ATX
Asrock B460M-ITX/ac,LGA 1200,Intel B460,DDR4 3200 MHz (OC),DDR4,"M.2 NVMe, SATA III","M.2, U.2",Mini-ITX
Asrock H110M-ITX,LGA 1151,Intel H110,2133 MHz ( DDR4 ),DDR4,"SATA III, M.2",,Micro-ATX
Asrock H470 Phantom Gaming 4,LGA 1200,Intel H470,DDR4 3200(O.C.),DDR4,"SATA III, PCIe NVMe","M.2 (Key E), M.2 (Key M)",ATX
EVGA X299 FTW-K,LGA 2066,Intel X299,DDR4-2933 (or higher with specific memory modules),DDR4,"SATA III, PCIe NVMe, M.2 NVMe","2.5"" and 3.5"" HDDs, M.2 SSDs",E-ATX
Asrock H170M-ITX/DL,LGA 1151,Intel H170,DDR4 2133MHz (OC 2400MHz),DDR4,"SATA III, M.2 (PCIe), USB-C (with UASP support)",,Mini-ITX
Gigabyte X470 Aorus Gaming 7 Wifi Rev. 1.1,AM4,AMD X470,DDR4-3200MHz (OC),DDR4 SDRAM,"SATA III, M.2 NVMe, M.2 SATA, PCIe NVMe","None (it's an ATX motherboard, so it supports various storage devices but doesn't have a specific form factor limitation)",ATX
Asrock H110M-DVP,LGA 1151,Intel H110,DDR4-2400,DDR4,"SATA III, M.2","2.5"", 3.5""",Micro-ATX
MSI Z170 Krait Gaming,LGA 1151,Intel Z170,2400MHz (assuming DDR4 RAM),DDR4,"SATA III, M.2, PCIe NVMe","mSATA, SATA DOM, U.2",ATX
Asrock 870 Extreme3 R2.0,AM3+,AMD 870,DDR3 1866,DDR3,"SATA II & SATA III, IDE",,ATX
Asrock B150M Pro4S,LGA 1151,Intel B150,DDR4 2400MHz,DDR4,"SATA III, PCIe x2 NVMe","2.5"", M.2 (Key E)",Micro-ATX
MSI Z170I Gaming Pro AC,LGA 1151,Intel Z170,DDR4 2400MHz,DDR4,"SATA III, PCIe NVMe, M.2 NVMe, USB Flash","2.5"", mSATA, M.2, SATA",Mini-ITX
Gigabyte GA-970A-D3P Rev. 1.0,AM3+,AMD 970,1866 MHz (based on the socket type and chipset),DDR3,"SATA III, eSATA, USB 2.0, USB 3.0","2.5"" HDD, 3.5"" HDD, SSD",ATX
Biostar Hi-Fi A70U3P Rev. 1.2,FM2+,AMD A70M,DDR3 2133 MHz,DDR3,"SATA III, PCIe x4","2.5"" HDD, M.2 SSD",Micro-ATX
Asrock 870 Extreme3,AM3,AMD 870,DDR-1333,DDR3,"SATA II, IDE","2.5-inch, 3.5-inch",ATX
Asus B365M-Basalt,LGA 1151,Intel B365,DDR4 2400 MHz,DDR4,"SATA III, M.2 NVMe, M.2 SATA","2.5"", M.2",Micro-ATX
Fujitsu D3410-B1,LGA 1151,Intel B150,DDR4-2400,DDR4,"SATA III, PCIe NVMe","2.5-inch SSD, M.2",Micro-ATX
Gigabyte Z370 UD3H,LGA 1151,Intel Z370,DDR4 4333MHz (OC),DDR4,"SATA III, M.2 NVMe, U.2","2.5-inch HDD, M.2 SSD, U.2 SSD",ATX
MSI Z97-G55 SLI,LGA 1150,Intel Z97,DDR3-2933 (or 1600MHz for Dual Channel),DDR3,"SATA III, PCIe NVMe, M.2","2.5"" HDD, mSATA SSD, M.2 NVMe SSD",ATX
Asrock Fatal1ty Z170 Professional Gaming i7,LGA 1151,Intel Z170,DDR4-3400 (OC),DDR4,"SATA III, M.2 NVMe, PCIe x4","2.5"", 3.5""",ATX
Gigabyte GA-X150-Pro ECC,LGA 1151,Intel C232,DDR4-2400,DDR4,"SATA III, PCIe NVMe, M.2","2.5"", M.2",ATX
Maxsun MS-Meterstone B250M Gaming,LGA 1151,Intel B250,DDR4-2400,DDR4,"SATA III, M.2 (NVMe)","2.5-inch, M.2",Micro-ATX
Gigabyte GA-Z170N-Gaming 5 Rev. 1.0,LGA 1151,Intel Z170,DDR4-3200,DDR4,"SATA III, M.2 NVMe, PCIe x4",,Mini-ITX
Asrock Z97 OC Formula,LGA 1150,Intel Z97,3200 MHz (OC),DDR3,"SATA III, PCIe NVMe, M.2",ATX,ATX
Biostar Hi-Fi H170Z3,LGA 1151,Intel H170,DDR4 2133 MHz,DDR4,"SATA III, M.2 (SATA and PCIe)","2.5"" HDD, M.2 SSD",Micro-ATX
Biostar H110MG Pro D4,LGA 1151,Intel H110,DDR4 2133,DDR4,"SATA III, M.2","2.5"", 3.5""",Micro-ATX
Asrock Fatal1ty Z170 Gaming-ITX/ac,LGA 1151,Intel Z170,2400MHz,DDR4,"SATA III, M.2 (Key E), M.2 (Key M)","2.5"" HDD",Mini-ITX
Asus B150-Pro,LGA 1151,Intel B150,DDR4-2400,DDR4,"SATA III, PCIe NVMe","M.2, U.2, mSATA, SATA, PCI-E",ATX
MSI Z170A XPower Gaming Titanium Edition,LGA 1151,Intel Z170,DDR4-3400 (OC) / DDR4-2400 (Non-OC),DDR4 SDRAM,"SATA III, PCIe NVMe, M.2","2.5"", 3.5""",ATX
Asrock H170A-X1,LGA 1151,Intel H170,2400MHz,DDR4,"SATA III, M.2 NVMe, UEFI Flash","2.5-inch SATA SSD, mSATA SSD",ATX
Asrock H370M-ITX/ac,LGA 1151,Intel H370,DDR4 2400,DDR4,"SATA III, M.2 (SATA and PCIe), USB","None mentioned specifically for this motherboard, but it's a mini-ITX form factor",Mini-ITX
Maxsun MS-H110D4L M.4,LGA 1151,Intel H110,DDR4 2133MHz,DDR4,"SATA III, M.2","2.5-inch HDD, M.2 SSD",Micro-ATX
Gigabyte GA-970A-D3 Rev. 1.4,AM3+,AMD 970,1866MHz ( Dual Channel DDR3 ),DDR3,"SATA III, PCIe x2 NVMe","2.5"" and 3.5""",ATX
Asrock IMB-190,LGA 1151,Intel Q170,DDR4 2400,DDR4,"SATA III, M.2 NVMe, M.2 SATA, USB-C",,Thin Mini-ITX
Asus ROG Strix B350-I Gaming,AM4,AMD B350,DDR4 3200 MHz,DDR4,"SATA III, M.2 NVMe","2.5-inch, M.2",Mini-ITX
Asus E3M-ET V5,LGA 1151,Intel C232,DDR4 1866,DDR4,"SATA III, M.2 NVMe","2.5"", 3.5""",Micro-ATX
Gigabyte GA-Z170X-SOC Force,LGA 1151,Intel Z170,DDR4 2400/2133,DDR4 SDRAM,"SATA III, M.2 NVMe, PCIe x4","mSATA, M.2 SATA, U.2, UFS",E-ATX
Gigabyte GA-X58A-UD9,LGA 1366,Intel X58,DDR3 2600MHz (OC),DDR3,"SATA II, SATA III, PCIe x2, IDE","2.5"", 3.5""",XL-ATX
MSI X299 Tomahawk Arctic,LGA 2066,Intel X299,DDR4-4600,DDR4,"SATA III, PCIe NVMe",M.2,ATX
Biostar Z270GT6,LGA 1151,Intel Z270,DDR4 2400/2133,DDR4,"SATA III, M.2 NVMe, PCIe x4","M.2, U.2, mSATA",ATX
EVGA X99 FTW-K,LGA 2011-3,Intel X99,DDR4-3200,DDR4,"SATA III, PCIe NVMe","2.5"", 3.5""",E-ATX
Asrock Z170 Extreme6+,LGA 1151,Intel Z170,DDR4 3200,DDR4,"SATA III, PCIe NVMe, M.2, U.2","2.5"", 3.5""",ATX
Biostar Gaming H170T,LGA 1151,Intel H170,DDR4-2133 MHz,DDR4,"SATA III, M.2 (SATA), M.2 (PCIe)",,ATX
MSI H270I Gaming Pro AC,LGA 1151,Intel H270,DDR4 2400/2133,DDR4,"SATA III, PCIe NVMe",M.2 SATA & PCIe,Mini-ITX
Asrock X99 Extreme6/ac,LGA 2011-3,Intel X99,DDR4 3200 MHz,DDR4,"SATA III, PCIe x16, M.2, U.2","2.5-inch SSD, M.2 SSD, U.2 SSD, SATA DVD/CD, USB Flash Drive",ATX
Asrock Fatal1ty H97 Performance,LGA 1150,Intel H97,DDR3 3200 (assuming it's a DDR3 motherboard),DDR3,"SATA III, PCIe NVMe, M.2, USB 3.0","2.5""",ATX
Biostar B250GTN,LGA 1151,Intel B250,DDR4 2400 MHz,DDR4,"SATA III, M.2 (NVMe, SATA), UEFI",,Mini-ITX
MSI H370 Gaming Plus,LGA 1151,Intel H370,DDR4-2666,DDR4,"SATA III, M.2 NVMe","2.5"", 3.5""",ATX
Gigabyte GA-Z270X-Gaming SOC,LGA 1151,Intel Z270,DDR4-3866 MHz (OC),DDR4,"SATA III, PCIe NVMe, M.2","M.2, U.2, SATA",ATX
EVGA X79 FTW,LGA 2011,Intel X79,DDR3 2400 MHz,DDR3,"SATA III, PCIe, AHCI, M.2, eSATA","2.5"", 3.5""",E-ATX
Biostar Hi-Fi B150 PIO D4,LGA 1151,Intel B150,2133 MHz,DDR4,"SATA III, M.2 (NGFF), PCIe NVMe","U.2, mSATA",Micro-DTX
MSI B150M Grenade,LGA 1151,Intel B150,2400MHz,DDR4,"SATA III, M.2 (SATA and PCIe)","2.5-inch HDD, M.2 SSD",Micro-ATX
Gigabyte GA-990FXA-UD3 Rev. 1.1,AM3+,AMD 990FX,2400MHz (assuming DDR3 RAM),DDR3,"SATA III, PCIe, AHCI","2.5"", 3.5""",ATX
Asrock H110TM-ITX R2.0,LGA 1151,Intel H110,DDR3 1600/1333,DDR3,"SATA III, PCIe x4","M.2 (SATA & PCIe), mSATA",Thin Mini-ITX
Asus ROG Maximus VIII Extreme/Assembly,LGA 1151,Intel Z170,DDR4 3200,DDR4,"SATA III, M.2, PCIe","2.5"", mSATA",E-ATX
Maxsun MS-H110D4 Turbo M.1,LGA 1151,Intel H110,DDR4 2400MHz,DDR4,"SATA III, PCIe NVMe",,Micro-ATX
MSI H170M-A Pro,LGA 1151,Intel H170,DDR4-2400,DDR4,"SATA III, PCIe x2","2.5-inch HDD, M.2 SSD",Micro-ATX
Gigabyte GA-Z270M-D3P,LGA 1151,Intel Z270,DDR4-3866 (OC),DDR4,"SATA III, PCIe NVMe, M.2, U.2","2.5"" and 3.5"" HDDs, SSDs",Micro-ATX
Asus B250M-C Pro,LGA 1151,Intel B250,DDR4 2400,DDR4,"SATA III, M.2 NVMe, M.2 SATA, USB","2.5-inch, M.2",Micro-ATX
Gigabyte GA-990FXA-UD5 Rev. 3.1,AM3+,AMD 990FX,DDR3 2400MHz,DDR3,"SATA III, PCIe NVMe, PCIe x2 AHCI",,ATX
MSI X470 Gaming Pro,AM4,AMD X470,3200 MHz (assuming DDR4 RAM),DDR4,"SATA III, PCIe NVMe","HDD, SSD",ATX
Biostar Z270GT8,LGA 1151,Intel Z270,DDR4 2400MHz,DDR4,"SATA III, M.2 (SATA), PCIe x4","2.5"", 3.5""",ATX
Asrock A320M-HDV R3.0,AM4,AMD A320,3200MHz,DDR4,"SATA III, M.2 (SATA and PCIe), UEFI BIOS",,Micro-ATX
Asrock X99 Extreme6/3.1,LGA 2011-3,Intel X99,DDR4 3200 MHz (OC),DDR4 SDRAM,"SATA III, PCIe NVMe, M.2, U.2","2.5-inch HDD, M.2 SSD, mSATA SSD",ATX
Gigabyte GA-Z170X-Gaming 5 Rev. 1.0,LGA 1151,Intel Z170,DDR4-3800(O.C.),DDR4,"M.2, SATA6Gb/s, PCIe3x4, U.2","M.2, SATA6Gb/s, PCIe3x4, U.2",ATX
Biostar H170GT3,LGA 1151,Intel H170,DDR4-2400,DDR4,"SATA III, PCIe NVMe","Hard Drive, Solid State Drive",Micro-ATX
Asus ROG Maximus XI Code,LGA 1151,Intel Z390,DDR4 4400 MHz,DDR4,"M.2, SATA, PCIe NVMe","M.2, SATA, PCIe",ATX
ECS Q170H4-M6,LGA 1151,Intel Q170,DDR3 1600/PC3-12800 or DDR4 2133/PC4-17000,Dual Channel DDR3/DDR4,"SATA III, M.2 (SATA and PCIe), UEFI USB Flash Drive",,Micro-ATX
Asus B150-Plus D3,LGA 1151,Intel B150,DDR4-2400 (or 2133 MHz for compatible RAM),DDR4,"SATA III, M.2 NVMe, M.2 SATA","AHCI, RAID",ATX
Gigabyte X299-WU8,LGA 2066,Intel X299,DDR4-4600 (OC),DDR4,"SATA III, PCIe NVMe, M.2 NVMe","3.5"", 2.5""",E-ATX
MSI X299 Gaming M7 ACK,LGA 2066,Intel X299,DDR4-3333,DDR4,"SATA III, PCIe NVMe","2.5-inch HDD, M.2 SSD",ATX
Asrock B150 Pro4/3.1,LGA 1151,Intel B150,DDR4-2133,DDR4,"SATA III, M.2 (SATA and PCIe)",,ATX
Asrock H110M-DGS R2.0,LGA 1151,Intel H110,DDR4 2133 MHz,DDR4,"SATA III, M.2 (SATA and PCIe), USB","2.5"" HDD, M.2 SSD, mSATA SSD",Micro-ATX
Gigabyte GA-Z170X-Gaming 7-EK,LGA 1151,Intel Z170,DDR4-3400,DDR4,"SATA III, M.2 NVMe, PCIe NVMe","2.5-inch HDD, M.2 SSD",ATX
Gigabyte B360M D3P,LGA 1151,Intel B360,DDR4 2400MHz,DDR4,"SATA III, M.2 (Key E), M.2 (Key M)",,Micro-ATX
Asus ROG Strix X470-I Gaming,AM4,AMD X470,3200 MHz,DDR4,"SATA III, PCIe NVMe, M.2 NVMe","M.2, U.2",Mini-ITX
Supermicro C7B250-CB-ML,LGA 1151,Intel B250,DDR4-2400,DDR4,"SATA III, M.2, PCIe NVMe","2.5-inch HDD, M.2 SSD, U.2 SSD",Micro-ATX
Asrock H110M-ITX/D3,LGA 1151,Intel H110,DDR4 2400,DDR4,"SATA III, M.2 (SATA and PCIe)",,Micro-ATX
Gigabyte GA-Z170X-Gaming 3 Rev. 1.0,LGA 1151,Intel Z170,DDR4-3800 (or OC to DDR4-4600),DDR4,"SATA III, M.2 NVMe, PCIe NVMe","2.5"", M.2",ATX
Asus ROG Strix X370-I Gaming,AM4,AMD X370,DDR4 3200 MHz,DDR4,"SATA III, M.2 NVMe, M.2 SATA","M.2, mSATA, U.2",Mini-ITX
MSI X99A SLI Krait Edition,LGA 2011-3,Intel X99,DDR4 3200MHz (OC),DDR4,"SATA III, M.2 NVMe, PCIe x16","2.5-inch HDD, mSATA, M.2 SSD",ATX
MSI MEG X399 Creation,TR4,AMD X399,DDR4 3200 (OC),DDR4,"SATA III, PCIe NVMe, U.2","2.5"", 3.5""",E-ATX
Foxconn Quantumian 1,LGA 2011,Intel X79,DDR3-2400,DDR3,"SATA III, PCIe","2.5-inch and 3.5-inch HDD/SSD, M.2 SSD",ATX
Asrock X99 WS-E/10G,LGA 2011-3,Intel X99,2400 MHz (Dual Channel) / 2133 MHz (Quad Channel),DDR4,"SATA III, PCIe NVMe, M.2, USB-C, UEFI",,E-ATX
Gigabyte X299 Aorus Gaming 7 Pro,LGA 2066,Intel X299,"DDR4 3200 (OC), DDR4 2666 (non-OC)",DDR4,"M.2 NVMe, SATA III, PCIe x4","U.2, mSATA",ATX
Asrock H370 Pro4,LGA 1151,Intel H370,DDR4 3200,DDR4,"SATA III, M.2 (NVMe), M.2 (SATA)",,ATX
Asus A320M-C,AM4,AMD A320,2133MHz,DDR4,"SATA III, M.2 (NVMe), PCIe","2.5-inch HDD, mSATA SSD",Micro-ATX
Biostar B360M D2V,LGA 1151,Intel B360,2400 MHz,DDR4,"SATA III, M.2 (NVMe)",,Micro-ATX
Gigabyte GA-EX58-DS4,LGA 1366,Intel X58,DDR3-1333,DDR3,"SATA II, SATA III, PCIe x2, PCIe x4","HDD, SSD",ATX
Asrock H170A-X1/3.1,LGA 1151,Intel H170,DDR4-1866,DDR4,"SATA III, PCIe x2, M.2 (SATA and PCIe), U.2","2.5-inch HDD, M.2 SSD",ATX
Asrock B150M-PIO,LGA 1151,Intel B150,DDR4 2400,DDR4,"SATA, M.2 (NVMe/SATA), USB","2.5"" HDD, M.2 SSD",Micro-DTX
Gigabyte H370N Wifi,LGA 1151,Intel H370,DDR4 2400,DDR4,"SATA, M.2 (Key E), PCIe NVMe","2.5"", mSATA",Mini-ITX
Asus ROG Strix B360-G Gaming,LGA 1151,Intel B360,DDR4 2400MHz,DDR4,"SATA III, M.2 NVMe, UFS","M.2 (SATA and PCIe), U.2, HDMI, DisplayPort",Micro-ATX
Asus TUF H370-Pro Gaming (Wi-Fi),LGA 1151,Intel H370,DDR4-2400,DDR4,"SATA III, PCIe NVMe, M.2","AHCI, RAID, UEFI",ATX
Gigabyte GA-970-Gaming SLI,AM3+,AMD 970,DDR3 1800MHz (OC),DDR3,"SATA III, PCIe NVMe, AHCI","2.5-inch HDD, M.2 SSD, mSATA SSD",ATX
Asrock IMB-156D,Onboard CPU,SOC,,DDR4,"SATA III, M.2","2.5-inch HDD, M.2 SSD, mSATA SSD",Mini-ITX
Gigabyte GA-A320M-D2P,AM4,AMD A320,DDR4 3200MHz (or 2133MHz OC),DDR4 SDRAM,"SATA III, M.2 NVMe, PCIe x2","2.5-inch HDD, M.2 SSD",Micro-ATX
Asrock Z170M Pro4,LGA 1151,Intel Z170,DDR4 3200,DDR4,"SATA III, PCIe NVMe, M.2","2.5"" HDD, mSATA SSD, M.2 NGFF",Micro-ATX
Gigabyte GA-990XA-UD3 Rev. 3.1,AM3+,AMD 990X,DDR3-1866,DDR3,"SATA III, PCIe x4, USB-C","2.5"" HDD, SSD",ATX
Asrock Z390 Phantom Gaming-ITX/ac,LGA 1151,Intel Z390,DDR4 4400+(OC),DDR4,"M.2, SATA III, USB-C","M.2 NVMe SSD, 2.5-inch HDD/SSD, mSATA",Mini-ITX
Gigabyte Z490I Aorus Ultra,LGA 1200,Intel Z490,DDR4 3200/OC,DDR4,"SATA III, M.2 (Key E), U.2","2.5""",Mini-ITX
Gigabyte GA-H170-Designare,LGA 1151,Intel H170,DDR4 2400 MHz,DDR4 SDRAM,"SATA III, M.2, PCIe NVMe",,ATX
Biostar H110MD Pro D4,LGA 1151,Intel H110,DDR4 2133 MHz (or up to 2400 MHz depending on the memory module),DDR4,"SATA III, M.2 (SATA and PCIe), USB",None mentioned specifically (likely only Micro-ATX due to formfactor being mentioned as Micro-ATX),Micro-ATX
MSI Z170A Gaming M9 ACK,LGA 1151,Intel Z170,DDR4-3200,DDR4,"SATA III, PCIe NVMe, M.2, UFS","2.5"", 3.5""",ATX
Gigabyte GA-990FXA-UD3 Rev. 1.0,AM3+,AMD 990FX,DDR3 2400MHz,DDR3,"SATA III, SATA II, IDE, eSATA","HDD, SSD",ATX
Gigabyte GA-Z170MX-Gaming 5 Rev. 1.0,LGA 1151,Intel Z170,DDR4 3400 MHz,DDR4,"SATA III, M.2, PCIe NVMe",,Micro-ATX
Biostar J3060NH,Onboard CPU,SOC,DDR3-1600,DDR3,"SATA III, M.2 (SATA and PCIe), USB",,Mini-ITX
Gigabyte Z390 I Aorus Pro Wifi,LGA 1151,Intel Z390,3200 MHz (OC),DDR4,"SATA III, PCIe NVMe, M.2","M.2, SATA III",Mini-ITX
Gigabyte H310M DS2V,LGA 1151,Intel H310,DDR4 2400 MHz,DDR4 SDRAM,"SATA III, M.2 NVMe, M.2 SATA","M.2, U.2",Micro-ATX
MSI C236M Workstation,LGA 1151,Intel C236,DDR4-2133,DDR4,"SATA III, PCIe NVMe","2.5"", 3.5""",Micro-ATX
Gigabyte Z390 Aorus Xtreme,LGA 1151,Intel Z390,DDR4 4666MHz (OC),DDR4,"SATA III, M.2 NVMe, PCIe x4","2.5"", mSATA, M.2",E-ATX
ECS H110I-C4P,LGA 1151,Intel H110,DDR4 2133MHz,DDR4,"SATA III, M.2 (SATA and PCIe), USB 3.0","2.5-inch HDD, M.2 SSD",Mini-ITX
MSI B150M PRO-D,LGA 1151,Intel B150,DDR4 2133 MHz,DDR4,"SATA III, M.2 (Key E), M.2 (Key M)","HDD, SSD, mSATA",Micro-ATX
Asrock Fatal1ty B360 Gaming K4,LGA 1151,Intel B360,DDR4 2400MHz,DDR4,"SATA III, M.2 NVMe, M.2 SATA","M.2, U.2",ATX
Asrock Q370M vPro,LGA 1151,Intel Q370,DDR4 2400,DDR4,"SATA6Gb/s, M.2 (SATA & PCIe), UEFI BIOS","2.5"", M.2",Micro-ATX
Asrock X470 Master SLI/ac,AM4,AMD X470,3200 MHz (due to its compatibility with Ryzen processors),DDR4,"SATA III, M.2 NVMe","PCIe x16, PCIe x8, PCIe x4, PCI",ATX
Asrock Z97M OC Formula,LGA 1150,Intel Z97,DDR3 3200MHz (OC),DDR3,"SATA III, PCIe NVMe","AHCI, IDE, M.2, mSATA, SATA Express",Micro-ATX
MSI Z270I Gaming Pro Carbon AC,LGA 1151,Intel Z270,DDR4 2400,DDR4,"SATA III, M.2 NVMe, PCIe x4","2.5-inch HDD, M.2 SSD",Mini-ITX
Asrock B150M-HDV/D3,LGA 1151,Intel B150,DDR4 2400MHz,DDR4,"SATA III, M.2 NVMe","2.5"" HDD, M.2 SSD",Micro-ATX
Asrock Fatal1ty B150 Gaming K4/D3,LGA 1151,Intel B150,DDR4-2400,DDR4,"SATA III, M.2 NVMe, PCIe x2",AHCI,ATX
Gigabyte GA-EX58-UD4,LGA 1366,Intel X58,1600 MHz (PC3-12800),DDR3,"SATA II, SATA III, eSATA, PCIe x16","2.5"", 3.5""",ATX
Asrock B150A-X1,LGA 1151,Intel B150,DDR4-2400,DDR4,"SATA6Gb/s, PCIe M.2, M.2 NVMe","2.5"" and 3.5""",ATX
Gigabyte GA-Z170M-D3H,LGA 1151,Intel Z170,DDR4 2400,,"M.2, SATA III, PCIe x16 Gen3",,Micro-ATX
Gigabyte GA-B150M-D2V DDR3,LGA 1151,Intel B150,2133 MHz,DDR3,"SATA III, PCIe NVMe","2.5-inch HDD, M.2 SSD",Micro-ATX
EVGA X79 Dark,LGA 2011,Intel X79,2400MHz,DDR3,"SATA III, PCIe NVMe, AHCI","2.5"", 3.5""",E-ATX
Asrock H170 Pro4,LGA 1151,Intel H170,DDR3/DDR3L 1600/1333MHz (PC3-12800/10666),DDR3/DDR3L,"SATA III, PCIe x2, M.2","M.2 SSD, mSATA SSD, SATA SSD, PCIe NVMe SSD",ATX
Biostar Z270GTN,LGA 1151,Intel Z270,DDR4 3200,DDR4,"SATA III, M.2 (NVMe, SATA), PCIe x4","2.5-inch HDD, M.2 SSD",Mini-ITX
