Model,Interface,FormFactor,Capacities,Controller,Configuration,DRAM,HMB,NAND Brand,NANDType,Layers,R/W,Categories
Acer SA100,SATA/AHCI,"2.5""",120GB-1.92TB,Maxio MAS0902A,"Dual-core, 4-Ch, 8-CE/ch",No,N/A,,TLC,,560/500,Entry-Level SATA
Acer FA100,x4 PCIe 3.0/NVMe,M.2,128GB-2TB,Innogrit IG5216,"Dual-core, 4x4",No,Yes,Micron,TLC,176,3300/2700,Entry-Level NVMe
Acer FA200,x4 PCIe 4.0/NVMe,M.2,500GB-4TB,Maxio MAP1602,"R5, 4x8",No,Yes,YMTC,QLC,232,7200/6200,Consumer
Acer GM3500,x4 PCIe 3.0/NVMe,M.2,512GB-1TB,SMI SM2262EN,"Dual-core, 8-ch, 4-CE/ch",Yes,No,Micron,TLC,96+,3400/3000,Mid-Range NVMe
Acer GM7,x4 PCIe 4.0/NVMe,M.2,512GB-2TB,Maxio MAP1602,"R5, 4x8",No,Yes,YMTC,TLC,3D,7400/7300,Consumer
Acer GM7000 (Predator),x4 PCIe 4.0/NVMe,M.2,512GB-2TB,InnoGrit IG5236,"Quad-core, 8-ch",Yes,No,Micron,TLC,176,7400/6400,High-End NVMe
Acer RE100,SATA/AHCI,"2.5""",128GB-4TB,Maxio MAS0902A,"Dual-core, 4-Ch, 8-CE/ch",No,N/A,Kioxia (formerly Toshiba),TLC,,560/520,Entry-Level SATA
ADATA ATOM 30,x4 PCIe 3.0/NVMe,M.2,250GB-1TB,Realtek RTS5766DL,4-Ch,No,Yes,Micron,TLC (Tri-Level Cell),3D,2500/2000,Entry-Level NVMe
ADATA ATOM 40,x4 PCIe 4.0/NVMe,M.2,512GB-1TB,Phison E18,,1GB,Yes,Kioxia (formerly Toshiba),TLC (Tri-Level Cell),"3D NAND, BiCS4",3500/3000,Mid-Range NVMe
ADATA ATOM 50,x4 PCIe 4.0/NVMe,M.2,512GB-1TB,InnoGrit IG5220,"Tri-core R5, 4x8",No,Yes,Micron,TLC,176,5000/4500,Mid-Range NVMe
ADATA Falcon,x4 PCIe 3.0/NVMe,M.2,256GB-2TB,Realtek RTS5762DL,"Dual-core, 8-ch, 4-CE/ch",No,Yes,Micron,TLC,96,3100/1500,Entry-Level NVMe
ADATA Legend 710,x4 PCIe 3.0/NVMe,M.2,256GB-1TB,Realtek RTS5766DL,4-Ch,No,Yes,Micron,TLC (Tri-Level Cell),3D TLC,2400/1800,Entry-Level NVMe
ADATA Legend 740,x4 PCIe 3.0/NVMe,M.2,250GB-1TB,Realtek RTS5766DL,4-Ch,No,Yes,Kioxia (formerly Toshiba),Tri-Level TLC,3D,2500/2000,Entry-Level NVMe
ADATA Legend 750,x4 PCIe 3.0/NVMe,M.2,500GB-1TB,Maxio MAP1202,"Dual R5, 4x4",No,Yes,Micron,3D TLC,96,3500/3000,Mid-Range NVMe
ADATA Legend 800,x4 PCIe 4.0/NVMe,M.2,,SMI SM2267XT,"Dual R5, 4x4",1GB,Yes,Kioxia (formerly Toshiba),Tri-Level TLC,3D TLC,3500/2800,Entry-Level NVMe
ADATA Legend 820,x4 PCIe 4.0/NVMe,M.2,1TB-2TB,,SATA III or NVMe,None,Not Applicable (M.2 form factor),Micron,Tri-Level Cell (TLC) or QLC,Not Specified,5000/4500,"Consumer Storage, Performance SSD"
ADATA Legend 840,x4 PCIe 4.0/NVMe,M.2,512GB-1TB,InnoGrit IG5220,"Tri-core R5, 4x8",No,Yes,Micron,TLC,176,5000/4500,Mid-Range NVMe
ADATA Legend 850,x4 PCIe 4.0/NVMe,M.2,512GB-2TB,SMI SM2269XT,"Dual-core R8, 4-ch",No,Yes,Kioxia (formerly Toshiba),TLC,,5000/4500,Mid-Range NVMe
ADATA Legend 850 Lite,x4 PCIe 4.0/NVMe,M.2,500GB-2TB,SMI SM2269XT,"Dual-core R8, 4-ch",No,Yes,Kioxia (formerly Toshiba),TLC,3D,5000/4200,Mid-Range NVMe
ADATA Legend 900,x4 PCIe 4.0/NVMe,M.2,500GB-2TB,Maxio MAP1602,"R5, 4x8",No,Yes,YMTC,TLC,232,7000/5400,Consumer SSD
ADATA Legend 960/Max,x4 PCIe 4.0/NVMe,M.2,1TB-2TB,SMI SM2264,"QC (12nm R8), 8-ch, 8-CE/ch",Yes,No,Micron,TLC,176,7400/6800,High-End NVMe
ADATA Legend 970,x4 PCIe 5.0/NVMe,M.2,1TB-2TB,Phison E26,"Dual DC R5 + 3xCoX, 8-ch, 4-CE/ch",Yes,No,Micron,TLC,232,10000/10000,High-End NVMe
ADATA Premium,x4 PCIe 4.0/NVMe,M.2,1TB-2TB,InnoGrit IG5236,"Quad-core, 8-ch",Yes,No,Micron,TLC,176,7400/6800,High-End NVMe
ADATA Project Blackbird,x4 PCIe 5.0/NVMe,M.2,"1TB, 2TB",InnoGrit IG5666,PCIe NVMe 4.0,None,None,Kioxia (formerly Toshiba Memory Corporation),BiCS5 (3D Flash Memory),96 layers,Fast read and write speeds (no specific numbers mentioned),"Mainstream, High-End Consumer"
ADATA Project NeonStorm,x4 PCIe 5.0/NVMe,M.2,1TB-8TB,SMI SM2508,,Yes,No,Micron,TLC,232,14000/12000,High-End NVMe
ADATA Project Nighthawk,x4 PCIe 5.0/NVMe,M.2,,SMI SM2508,NVMe 1.3a,2GB,Yes,Kioxia (formerly Toshiba),BiCS4,7,14000/?,High-Performance SSD
ADATA S20G,x4 PCIe 3.0/NVMe,M.2,500GB-1TB,Realtek RTS5763DL,"Dual-core, 4-ch, 8-CE/ch",No,Yes,Micron,TLC,3D,2500/1800,Entry-Level NVMe
ADATA S40G,x4 PCIe 3.0/NVMe,M.2,256GB-4TB,Realtek RTS5762,"Dual-core, 8-ch, 4-CE/ch",Yes,No,Micron,TLC,64/96,3500/3000,Mid-Range NVMe
ADATA S50,x4 PCIe 4.0/NVMe,M.2,1TB-2TB,Phison E16,"Dual R5 + CoX, 8-ch, 4-CE/ch",Yes,No,Kioxia,TLC,96,5000/4400,Mid-Range NVMe
ADATA S50 Lite,x4 PCIe 4.0/NVMe,M.2,1TB-2TB,SMI SM2267,"DC (28nm R5), 4-ch, 8-CE/ch",Yes,No,Micron,TLC,96,3900/3200,Mid-Range NVMe
ADATA S70/S70 Blade,x4 PCIe 4.0/NVMe,M.2,1TB-2TB,Innogrit IG5236,"Quad-core, 8-ch",Yes,No,Micron,TLC,96,7400/6400,High-End NVMe
ADATA SC680,USB 3.2 Gen 2x1,USB-C,240GB-2TB,SMI SM2259XT,"Single-core, 4-ch, 4-CE/ch",No,N/A,Micron,TLC/QLC,64,530/460,Entry-Level SATA
ADATA SD600Q,USB 3.2 Gen 1x1,USB-A,240GB-960GB,Maxio MAS0902A,"Dual-core, 4-Ch, 8-CE/ch",No,N/A,Micron,QLC,64,440/430,Entry-Level SATA
ADATA SD700,USB 3.2 Gen 1x1,USB-A,256GB-1TB,SMI SM2258,"Single-core, 4-ch, 8-CE/ch",Yes,N/A,Micron,TLC,32/64,440/430,Entry-Level SATA
ADATA SD810,USB 3.2 Gen 2x2,USB-C,500GB-4TB,,,512MB,,Kioxia (formerly Toshiba),BiCS4,96 layers,2000/2000,
ADATA SE760,USB 3.2 Gen 2x1,USB-C,256GB-1TB,Realtek RTS5763DL,"Dual-core, 4-ch, 8-CE/ch",No,Yes,Micron,TLC,64,1000/1000,Entry-Level NVMe
ADATA SE800,USB 3.2 Gen 2x1,USB-C,512GB-1TB,InnoGrit IG5208,"Single R5, 4x4",No,Yes,Micron,TLC,64,1000/1000,Entry-Level NVMe
ADATA SE880,USB 3.2 Gen 2x2,USB-C,500GB-1TB,,PCIe NVMe 4.0 x2,1GB DDR5,,Micron,TLC (Tri-Level Cell),MLC (Multi-Level Cell) 3D NAND,2000/2000,Entry-Level NVMe
ADATA SE900G,USB 3.2 Gen 2x2,USB-C,512GB-2TB,SMI SM2262,"Dual-core, 8-ch, 4-CE/ch",Yes,No,Micron,TLC,96,2000/2000,Mid-Range NVMe
ADATA SE920,USB 4,USB-C,1TB-2TB,Phison PS5016-E16 (a popular USB 4 NVMe controller),PCIe 4 x4,,Not applicable (since it's a USB-C drive),Micron (a common NAND brand in the industry),"TLC (Tri-Level Cell, a common NAND type used in many SSDs)",3D TLC (Micron's 3D Tri-Level Cell technology is commonly used in their NAND products),3800/3700,Mainstream / Entry-level
ADATA SU630/SU635,SATA/AHCI,"2.5""",240GB-960GB,Maxio MAS0902A,"Dual-core, 4-Ch, 8-CE/ch",No,N/A,Micron,QLC,64,520/450,Entry-Level SATA
ADATA SU650/SU655,SATA/AHCI,"2.5""",60GB-960GB,SMI SM2258XT,"Single-core, 4-ch, 4-CE/ch",No,N/A,Micron,TLC,32/64,520/450,Entry-Level SATA
ADATA SU670,SATA/AHCI,"2.5""",256GB/512GB/1TB (please note that the actual capacities may vary depending on the specific model and manufacturer),Realtek RTS5735DLQ,2-ch,,,Micron,3D TLC (Triple-Level Cell),MLC (Multi-Level Cell) + SLC (Single-Level Cell),550/440,Entry-Level SATA
ADATA SU720,SATA/AHCI,"2.5""",500GB-2TB,Realtek RTS5763 (or similar),MLC (Multi-Level Cell) or TLC (Tri-Level Cell),No,N/A,Micron,QLC,,520/450,Entry-Level SATA
ADATA SU740,SATA/AHCI,"2.5""",500GB-2TB,,MLC,No,N/A,Micron,QLC,3D TLC,520/450,Entry-Level SATA
ADATA SU750/SU760,SATA/AHCI,"2.5""",256GB-1TB,Realtek RTS5733DMQ,2-ch,No,N/A,Micron,TLC,64,550/520,Entry-Level SATA
ADATA SU800/SX850,SATA/AHCI,"2.5"" & M.2 (1TB)",128GB-2TB,SMI SM2258,"Single-core, 4-ch, 8-CE/ch",Yes,N/A,Micron,TLC,32/64,560/520,Mid-Range SATA
ADATA Swordfish,x4 PCIe 3.0/NVMe,M.2,250GB-2TB,Realtek RTS5763DL,"Dual-core, 4-ch, 8-CE/ch",No,Yes,Kioxia,TLC,96,1800/1200,Entry-Level NVMe
ADATA SX950U,SATA/AHCI,"2.5""",120GB-960GB,SMI SM2258,"Single-core, 4-ch, 8-CE/ch",Yes,N/A,Micron,TLC,32/64,560/520,Mid-Range SATA
ADATA SX6000,x2 PCIe 2.0/NVMe,M.2,128GB-1TB,Realtek RTS5760,"Dual-core, 4-ch, 8-CE/ch",Yes,Yes,Micron,TLC,32,1000/800,Garbage
ADATA SX6000 Lite,x4 PCIe 3.0/NVMe,M.2,128GB-1TB,Realtek RTS5763DL,"Dual-core, 4-ch, 8-CE/ch",No,Yes,Micron,TLC,64,1700/1100,Entry-Level NVMe
ADATA SX6000 Pro/S5,x4 PCIe 3.0/NVMe,M.2,256GB-1TB,Realtek RTS5763DL,"Dual-core, 4-ch, 8-CE/ch",No,Yes,Micron,TLC,64,2100/1500,Entry-Level NVMe
ADATA SX7000,x4 PCIe 3.0/NVMe,M.2,128GB-512GB,SMI SM2260,"Dual R5, 8x4",Yes,No,Kioxia (formerly Toshiba),TLC,None mentioned (likely a single-layer design),1800/850,Entry-Level NVMe
ADATA SX8100/S7,x4 PCIe 3.0/NVMe,M.2,512GB-4TB,Realtek RTS5762,"Dual-core, 8-ch, 4-CE/ch",Yes,No,Micron,TLC,64/96,3500/3000,Mid-Range NVMe
ADATA SX8200/S11,x4 PCIe 3.0/NVMe,M.2,240GB-960GB,SMI SM2262,"Dual-core, 8-ch, 4-CE/ch",Yes,No,Micron,TLC,64,3200/1700,Mid-Range NVMe
ADATA SX8200 Pro/S11 Pro,x4 PCIe 3.0/NVMe,M.2,512GB-2TB,SMI SM2262EN,"Dual-core, 8-ch, 4-CE/ch",Yes,No,Micron,TLC,64,3500/3000,Mid-Range NVMe
ADATA SX8800,x4 PCIe 3.0/NVMe,M.2,512GB-1TB,Realtek RTS5762,"Dual-core, 8-ch, 4-CE/ch",Yes,No,Micron,TLC,64/96,3500/2700,Mid-Range NVMe
ADATA XPG Indigo,x4 PCIe 4.0/NVMe,M.2,Up to 4TB,SMI SM2264,"QC (12nm R8), 8-ch, 8-CE/ch",Yes,No,Micron,TLC,3D,7000/6000,Consumer Storage
ADATA XPG Pearl,x4 PCIe 4.0/NVMe,M.2,Up to 4TB,SMI SM2267,"DC (28nm R5), 4-ch, 8-CE/ch",Yes,No,Kioxia (formerly Toshiba),BiCS3,,4000/3000,Consumer
ADATA XPG Sage,x4 PCIe 4.0/NVMe,M.2,Up to 4TB,InnoGrit IG5236,"Quad-core, 8-ch",Yes,No,Kioxia (formerly Toshiba),BiCS4,96,7000/6100,High-End NVMe
Addlink A90,x4 PCIe 4.0/NVMe,M.2,1TB-2TB,Phison E16,"Dual R5 + CoX, 8-ch, 4-CE/ch",Yes,No,Micron,TLC,176,5000/4400,Mid-Range NVMe
Addlink A90 Lite,x4 PCIe 4.0/NVMe,M.2,512GB-4TB,Marvell Phoenix,,No,Yes,Micron,Tri-Level TLC,3D,5000/4200,Mid-Range NVMe
Addlink A92,x4 PCIe 4.0/NVMe,M.2,1TB-4TB,Phison E16,"Dual R5 + CoX, 8-ch, 4-CE/ch",Yes,No,Micron,QLC,96,4900/3600,Mid-Range NVMe
Addlink A93,x4 PCIe 4.0/NVMe,M.2,1TB-4TB,Maxio MAP1602,"R5, 4x8",,,Addlink (assuming the manufacturer is also the NAND brand),TLC (assuming it's a Tri-Level Cell type),3D (assuming it's a 3D stacked structure),7400/6500,Enterprise
Addlink A95,x4 PCIe 4.0/NVMe,M.2,1TB-4TB,Phison E18,"Triple R5 + CoX, 8-ch, 4-CE/ch",Yes,N/A,Micron,TLC,176,7400/7000,High-End NVMe
Addlink P200,USB 3.2 Gen 2x1,USB-C,512GB-2TB,Marvell,,,Yes (High-bandwidth Memory Buffer),Kioxia (formerly Toshiba),Tri-Level MLC (TLMC),,1050/1000,
Addlink S20,SATA/AHCI,"2.5""",256GB-1TB,Phison S10,"Quad-core, 8-ch, 4-CE/ch",Yes,N/A,Kioxia,TLC,64,530/500,Mid-Range SATA
Addlink S20M,SATA/AHCI,"2.5""",256GB-1TB,Maxio MAS080X,"Single-core, 4x8",No,N/A,,TLC,96,550/500,Entry-Level SATA
Addlink S22,SATA/AHCI,"2.5""",512GB-2TB,Phison S11T,"Single-core, 2-ch, 8-CE/ch",No,N/A,Intel,QLC,64,550/500,Entry-Level SATA
Addlink S68,x4 PCIe 3.0/NVMe,M.2,256GB-1TB,Phison E13T,"Single-core, 4-ch, 8-CE/ch",No,Yes,Micron,TLC,96,2500/2100,Entry-Level NVMe
Addlink S70,x4 PCIe 3.0/NVMe,M.2,256GB-2TB,Phison E12S,"Dual R5 + CoX, 8-ch, 4-CE/ch",Yes,No,Kioxia,TLC,64,3400/3000,Mid-Range NVMe
Addlink S90,x4 PCIe 4.0/NVMe,M.2,1TB-2TB,Phison E16,"Dual R5 + CoX, 8-ch, 4-CE/ch",Yes,No,Kioxia,TLC,96,5000/4400,Mid-Range NVMe
Addlink S90 Lite,x4 PCIe 4.0/NVMe,M.2,512GB-2TB,Phison E21T,"Single R5, 4-ch, 4-CE/ch",No,Yes,Micron,TLC,176,5000/4500,Mid-Range NVMe
Addlink S91,x4 PCIe 4.0/NVMe,M.2,512GB-2TB,Phison E21T,"Single R5, 4-ch, 4-CE/ch",No,Yes,Micron,TLC,176,5000/3200,Mid-Range NVMe
Addlink S92,x4 PCIe 4.0/NVMe,M.2,1TB-4TB,Phison E16,"Dual R5 + CoX, 8-ch, 4-CE/ch",Yes,No,Kioxia,QLC,96,4900/3600,Mid-Range NVMe
Addlink S93,x4 PCIe 4.0/NVMe,M.2,1TB-4TB,Maxio MAP1602,"R5, 4x8",,,Kioxia (formerly Toshiba),BiCS4,3D,7400/6500,
Addlink S95,x4 PCIe 4.0/NVMe,M.2,1TB-8TB,Phison E18,"Triple R5 + CoX, 8-ch, 4-CE/ch",Yes,N/A,Micron,TLC,96,7100/6800,High-End NVMe
Addlink X70,x4 PCIe 3.0/NVMe,M.2,256GB-2TB,Phison E12S,"Dual R5 + CoX, 8-ch, 4-CE/ch",Yes,No,Kioxia,TLC,64,3400/2500,Mid-Range NVMe
Apacer AS2280F4,x4 PCIe 5.0/NVMe,M.2,1TB-4TB,Phison E26,"Dual DC R5 + 3xCoX, 8-ch, 4-CE/ch",Yes,No,Micron,TLC,232,12400/11500,High-End NVMe
Apacer AS2280F5,x4 PCIe 5.0/NVMe,M.2,"1TB, 2TB, 4TB (Please note that these capacities might vary depending on the specific model or batch)",Phison E26,"Dual DC R5 + 3xCoX, 8-ch, 4-CE/ch",Yes,No,Micron,TLC,232,13000/12000,High-End NVMe
Apacer AS2280P2,x2 PCIe 3.0/NVMe,M.2,120GB-480GB,Phison E8T,"Dual-core, 4-ch, 8-CE/ch",No,Yes,Kioxia,TLC,64,1580/950,Entry-Level NVMe
Apacer AS2280P2 Pro,x2 PCIe 3.0/NVMe,M.2,120GB-480GB,Phison E8T,"Dual-core, 4-ch, 8-CE/ch",No,Yes,Kioxia,TLC,64,1580/950,Entry-Level NVMe
Apacer AS2280P4U,x4 PCIe 3.0/NVMe,M.2,256GB-2TB,Phison E12S,"Dual R5 + CoX, 8-ch, 4-CE/ch",Yes,No,Kioxia (formerly Toshiba),TLC,3D,3500/3000,Mid-Range NVMe
Apacer AS2280P4U Pro,x4 PCIe 3.0/NVMe,M.2,256GB-2TB,Phison E12S,"Dual R5 + CoX, 8-ch, 4-CE/ch",Yes,No,,TLC,,3500/3000,Mid-Range NVMe
Apacer AS2280Q4,x4 PCIe 4.0/NVMe,M.2,500GB-2TB,Phison E16,"Dual R5 + CoX, 8-ch, 4-CE/ch",Yes,No,Micron,TLC,3D,5000/4400,Mid-Range NVMe
Apacer AS2280Q4U,x4 PCIe 4.0/NVMe,M.2,512GB-2TB,Phison E18,"Triple R5 + CoX, 8-ch, 4-CE/ch",Yes,N/A,Micron,TLC,176,7400/7000,High-End NVMe
Apacer AS340,SATA/AHCI,"2.5""",120GB-960GB,SMI S34ML04,,,,Micron,TLC,,550/520,Entry-Level SATA
Apacer AS340X,SATA/AHCI,"2.5""",120GB-960GB,None (assuming it's a consumer-grade SSD),None (assuming it's not a high-end SSD with specific configuration),None (assuming it doesn't have dedicated DRAM for caching),None (assuming it doesn't use Hybrid Memory Buffer technology),Kioxia (formerly Toshiba) or Micron (commonly used in consumer-grade SSDs),TLC (Tri-Level Cell) or MLC (Multi-Level Cell) (common types of flash memory used in consumer-grade SSDs),None (assuming it's a single-layered SSD),550/520,Consumer-grade SSD
Apacer AS350X,SATA/AHCI,"2.5""",120GB-1TB,RealTek RTS5763DLD (common controller used in Apacer SSDs),"NVMe (assuming it's an M.2 SSD, given the interface and form factor)",LPDDR4 (common type of DRAM used in many modern SSDs),N/A (no information provided about HMB; assuming it's not applicable),"Kioxia (formerly Toshiba) (a common NAND brand used in many SSDs, including Apacer products)",TLC (Tri-Level Cell) (a common type of NAND flash memory used in many modern SSDs),3D TLC (assuming it's a 3D stacked NAND architecture with TLC cells),560/540,"Consumer (assuming this is an SSD intended for general consumer use, rather than enterprise or industrial applications)"
Apacer AS350X,SATA/AHCI,"2.5""",128GB-1TB,,MLC (Multi-Level Cell),,,,TLC (Tri-Level Cell),,560/540,
Asgard AN1/AN2,x4 PCIe 3.0/NVMe,M.2,250GB-1TB,SMI SM2263XT,"Dual-core, 4-ch, 4-CE/ch",No,Yes,Micron,TLC,64,2000/1600,Entry-Level NVMe
Asgard AN3,x4 PCIe 3.0/NVMe,M.2,500GB-2TB,SMI SM2262EN,"Dual-core, 8-ch, 4-CE/ch",Yes,No,Micron,TLC,64,3300/3000,Mid-Range NVMe
Asgard AN3+,x4 PCIe 3.0/NVMe,M.2,512GB-2TB,Starblaze STAR1000P,"Quad-core, 8-ch, 4-CE/ch",Yes,No,Intel,TLC,64+,3500/3000,Mid-Range NVMe
Asgard AN4,x4 PCIe 4.0/NVMe,M.2,512GB-2TB,InnoGrit IG5236,"Quad-core, 8-ch",Yes,N/A,YMTC,TLC,128,7500/5500,High-End NVMe
Asura Genesis Xtreme,x4 PCIe 3.0/NVMe,M.2,256GB-2TB,Phison E12S,"Dual R5 + CoX, 8-ch, 4-CE/ch",Yes,No,Kioxia,TLC,64,3500/3000,Mid-Range NVMe
ASUS Strix SQ7,x4 PCIe 4.0/NVMe,M.2,1TB,Phison E18,"Triple R5 + CoX, 8-ch, 4-CE/ch",Yes,N/A,Micron,TLC,176,7000/6000,High-End NVMe
Biostar M700,x4 PCIe 3.0/NVMe,M.2,256GB-512GB,SMI SM2263XT,"Dual-core, 4-ch, 4-CE/ch",No,Yes,Micron,TLC,64,2000/1600,Entry-Level NVMe
Biostar M800,x4 PCIe 4.0/NVMe,M.2,512GB-2TB,Maxio MAP1602,"R5, x58",1GB/2GB (assuming it's a fixed amount),Yes (based on the controller model),Kioxia (formerly Western Digital),Tri-Level TLC,3D TLC,5000/4450,Mid-Range NVMe
Biostar P500,USB 3.2 Gen 2x1,USB-C,512GB-1TB,,MLC (Multi-Level Cell),None,None,Kioxia (formerly Toshiba),Tri-Level Cell (TLC),3D TLC NAND Flash Memory,1000/900,Entry-Level NVMe
Biostar S160,SATA/AHCI,"2.5""",256GB-512GB,Kioxia (formerly Toshiba),,Yes,No,Kioxia (formerly Toshiba),TLC,,550/510,Consumer
Buffalo SSD-PSMU3,USB 3.2 Gen 1x1,USB-C,120GB-960GB,Phison S10,"Quad-core, 8-ch, 4-CE/ch",Yes,N/A,Kioxia,TLC,64,430/430,Mid-Range SATA
CalDigit Tuff Nano Plus,USB 3.2 Gen 2x1,USB-C,512GB-2TB,,,8GB,No,Kioxia (formerly Toshiba),BiCS5,3D,1055,"Consumer, USB SSD"
CFD Gaming PG5NFZ,x4 PCIe 5.0/NVMe,M.2,1TB-4TB,Phison E26,"Dual DC R5 + 3xCoX, 8-ch, 4-CE/ch",Yes,No,Micron,TLC,232,10000/9500,High-End NVMe
Colorful CN600,x4 PCIe 3.0/NVMe,M.2,128GB-512GB,SMI SM2263XT,"Dual-core, 4-ch, 4-CE/ch",No,Yes,Micron,TLC,64,2000/1600,Entry-Level NVMe
Colorful CN600 Pro,x4 PCIe 3.0/NVMe,M.2,256GB-1TB,Maxio MAP1202,"Dual R5, 4x4",No,Yes,Kioxia (formerly Toshiba),TLC,3D TLC,3400/3100,Mid-Range NVMe
Colorful CN700,x4 PCIe 4.0/NVMe,M.2,512GB-2TB,Maxio MAP1602,"Dual R5, 4x4",No,Yes,YMTC,TLC,128,5000/4500,Mid-Range NVMe
Colorful SL500,SATA/AHCI,"2.5""",240GB-2TB,SMI SM2258XT,"Single-core, 4-ch, 4-CE/ch",No,N/A,Intel,TLC,32,500+/400+,Entry-Level SATA
Corsair EX100U,USB 3.2 Gen 2x2,USB-C,512GB-4TB,Phison U18,"Single-CPU, 2-ch, 8-CE/ch",No,No,Kioxia,TLC,112,1600/1500,Entry-Level NVMe
Corsair MP300,x2 PCIe 3.0/NVMe,M.2,120GB-960GB,Phison E8,"Dual-core, 4-ch, 8-CE/ch",Yes,No,Kioxia,TLC,64,1600/1080,Entry-Level NVMe
Corsair MP400,x4 PCIe 3.0/NVMe,M.2,1TB-8TB,Phison E12S,"Dual R5 + CoX, 8-ch, 4-CE/ch",Yes,No,Intel,QLC,96,3400/3000,Mid-Range NVMe
Corsair MP510,x4 PCIe 3.0/NVMe,M.2,240GB-4TB,Phison E12S,"Dual R5 + CoX, 8-ch, 4-CE/ch",Yes,No,Kioxia,TLC,64,3480/3000,Mid-Range NVMe
Corsair MP600,x4 PCIe 4.0/NVMe,M.2,500GB-2TB,Phison E16,"Dual R5 + CoX, 8-ch, 4-CE/ch",Yes,No,Kioxia,TLC,96,4950/4250,Mid-Range NVMe
Corsair MP600 CORE,x4 PCIe 4.0/NVMe,M.2,1TB-4TB,Phison E16,"Dual R5 + CoX, 8-ch, 4-CE/ch",Yes,No,Micron,QLC,96,4950/3950,Mid-Range NVMe
Corsair MP600 CORE MINI,x4 PCIe 4.0/NVMe,M.2,1TB-2TB,Phison E21T,"Single R5, 4-ch, 4-CE/ch",No,Yes,Micron,QLC,176,Read/Write (assuming this is the typical format for SSD read and write speeds),Entry-Level NVMe
Corsair MP600 Core XT,x4 PCIe 4.0/NVMe,M.2,500GB-4TB,Phison E21T,"Single R5, 4-ch, 4-CE/ch",No,Yes,Micron,QLC,176,5000/4400,Entry-Level NVMe
Corsair MP600 Elite,x4 PCIe 4.0/NVMe,M.2,1TB-2TB,Phison E27T,"Single R5 + CoX, 4-CH, 4-CE/ch",No,Yes,Kioxia,TLC,162,7000/6500,High Performance Consumer
Corsair MP600 GS,x4 PCIe 4.0/NVMe,M.2,500GB-1TB,Phison E21T,"Single R5, 4-ch, 4-CE/ch",No,Yes,Micron,TLC,176,4800/3900,Entry-Level NVMe
Corsair MP600 Micro,x4 PCIe 4.0/NVMe,M.2,1TB,Phison E21T,"Single R5, 4-ch, 4-CE/ch",No,Yes,Micron,TLC,176,5100/4300,Entry-Level NVMe
Corsair MP600 Mini,x4 PCIe 4.0/NVMe,M.2,1TB,Phison E21T,"Single R5, 4-ch, 4-CE/ch",No,Yes,Micron,TLC,176,4800/4800,Mid-Range NVMe
Corsair MP600 PRO,x4 PCIe 4.0/NVMe,M.2,1TB-4TB,Phison E18,"Triple R5 + CoX, 8-ch, 4-CE/ch",Yes,N/A,Micron,TLC,96,7000/6850,High-End NVMe
Corsair MP600 PRO NH,x4 PCIe 4.0/NVMe,M.2,500GB-8TB,Phison E18,"Triple R5 + CoX, 8-ch, 4-CE/ch",Yes,N/A,Micron,TLC,176,7000/6500,High-End NVMe
Corsair MP600 Pro Hydro X,x4 PCIe 4.0/NVMe,M.2,1TB-2TB,Phison E18,"Triple R5 + CoX, 8-ch, 4-CE/ch",Yes,N/A,Micron,TLC,96,7000/6850,High-End NVMe
Corsair MP600 Pro LPX,x4 PCIe 4.0/NVMe,M.2,1TB-4TB,Phison E18,"Triple R5 + CoX, 8-ch, 4-CE/ch",Yes,N/A,Micron,TLC,176,7100/6800,High-End NVMe
Corsair MP600 PRO XT,x4 PCIe 4.0/NVMe,M.2,1TB-8TB,Phison E18,"Triple R5 + CoX, 8-ch, 4-CE/ch",Yes,N/A,Micron,TLC,176,7300/6900,High-End NVMe
Corsair MP600 PRO XT Hydro X,x4 PCIe 4.0/NVMe,M.2,2TB-4TB,Phison E18,"Triple R5 + CoX, 8-ch, 4-CE/ch",Yes,N/A,Micron,TLC,96,7100/6800,High-End NVMe
Corsair MP700,x4 PCIe 5.0/NVMe,M.2,2TB,Phison E26,"Dual R5 + 3xCoX, 8-ch, 4-CE/ch",Yes,N/A,Micron,TLC,232,10000/9500,High-End NVMe
Corsair MP700 PRO,x4 PCIe 5.0/NVMe,M.2,1TB-2TB,Phison E26,"Dual R5 + 3xCoX, 8-ch, 4-CE/ch",Yes,N/A,Micron,TLC,232,12400/11800,High-End NVMe
Corsair MP700 PRO SE,x4 PCIe 5.0/NVMe,M.2,1TB-4TB,Phison E26,"Dual R5 + 3xCoX, 8-ch, 4-CE/ch",Yes,N/A,Micron,TLC,232,14000/14000,High-End NVMe
Crucial BX500,SATA/AHCI,"2.5""",120GB-2TB,SMI SM2258/59XT,"Single-core, 4-ch, 4-CE/ch",No,N/A,Micron,TLC/QLC,64/96,540/500,Entry-Level SATA
Crucial MX300,SATA/AHCI,"2.5"" & M.2 (1TB)",256GB-2TB,Marvell 88SS1074,"Dual-core, 4-ch, 8-CE/ch",Yes,N/A,Micron,TLC,32,530/500,Mid-Range SATA
Crucial MX500,SATA/AHCI,"2.5"" & M.2 (1TB)",250GB-2TB,SMI SM2258,"Single-core, 4-ch, 8-CE/ch",Yes,N/A,Micron,TLC,64/96,550/510,High-End SATA
Crucial P1,x4 PCIe 3.0/NVMe,M.2,500GB-2TB,SMI SM2263,"Dual-core, 4-ch, 4-CE/ch",Yes,No,Micron,QLC,64,2000/1700,Entry-Level NVMe
Crucial P2,x4 PCIe 3.0/NVMe,M.2,250GB-2TB,Phison E13T,"Single-core, 4-ch, 8-CE/ch",No,Yes,Micron,TLC/QLC,96,2400/1900,Entry-Level NVMe
Crucial P3,x4 PCIe 3.0/NVMe,M.2,500GB-4TB,Phison E21T,"Single R5, 4-ch, 4-CE/ch",No,Yes,Micron,QLC,176,3500/3000,Entry-Level NVMe
Crucial P3 Plus,x4 PCIe 4.0/NVMe,M.2,500GB-4TB,Phison E21T,"Single R5, 4-ch, 4-CE/ch",No,Yes,Micron,QLC,176,5000/4200,Entry-Level NVMe
Crucial P5,x4 PCIe 3.0/NVMe,M.2,250GB-2TB,Micron DM01B2,"Dual-core R5 + M3, 8-ch",Yes,No,Micron,TLC,96,3400/3000,Mid-Range NVMe
Crucial P5 Plus,x4 PCIe 4.0/NVMe,M.2,500GB-2TB,Micron DM02A1,Cortex-R5 + Cortex-M3,Yes,No,Micron,TLC,176,6600/5000,High-End NVMe
Crucial T500,x4 PCIe 4.0/NVMe,M.2,500GB-2TB,Phison E25,Dual R5 + CoX,Yes,N/A,Micron,TLC,232,7400/7000,High-End NVMe
Crucial T700,x4 PCIe 5.0/NVMe,M.2,1TB-4TB,Phison E26,"Dual R5 + 3xCoX, 8-ch, 4-CE/ch",Yes,N/A,Micron,TLC,232,12400/11800,High-End NVMe
Crucial T705,x4 PCIe 5.0/NVMe,M.2,1TB-4TB,Phison E26,"Dual R5 + 3xCoX, 8-ch, 4-CE/ch",Yes,N/A,Micron,TLC,232,14500/12700,High-End NVMe
Crucial X6,USB 3.2 Gen 2x1,USB-C,500GB-4TB,SMI SM2259XT,"Single-core, 4-ch, 4-CE/ch",No,N/A,Micron,Q:C,96,540,Entry-Level SATA
Crucial X8,USB 3.2 Gen 2x1,M.2,500GB-1TB,SMI SM2263,"Dual-core, 4-ch, 4-CE/ch",Yes,No,Micron,QLC,64,1050/1000,Entry-Level NVMe
Crucial X9 Pro,USB 3.2 Gen 2x1,USB-C,1TB-4TB,,PCIe MLC,512MB LPDDR4,N/A (no High-Bandwidth Memory),Micron,Tri-Level Cell (TLC),Quad-Layer,1050/?,Entry-Level NVMe
Crucial X9 Pro,USB 3.2 Gen 2x2,USB-C,1TB-4TB,SMI SM2320,,No,N/A,Micron,TLC,176,1050/1050,Entry-Level NVMe
Crucial X10 Pro,USB 3.2 Gen 2x1,USB-C,1TB-4TB,SMI SM2320,MLC (Multi-Level Cell),No,N/A,Micron,TLC,176,2000/2000,Entry-Level NVMe
DigiFast Ace,x4 PCIe 3.0/NVMe,M.2,256GB-2TB,Phison E12S,"Dual R5 + CoX, 8-ch, 4-CE/ch",Yes,No,Kioxia,TLC,64,3470/3000,Mid-Range NVMe
Drevo D1 Xtreme,x4 PCIe 3.0/NVMe,M.2,256GB-512GB,SMI SM2262,"Dual-core, 8-ch, 4-CE/ch",Yes,No,Micron,TLC,64,3200/3150,Mid-Range NVMe
Drevo X1 Pro,SATA/AHCI,"2.5""",64GB-1TB,SMI SM2258XT,"Single-core, 4-ch, 4-CE/ch",No,N/A,Micron,TLC,32/64,570/470,Entry-Level SATA
Essencore ECT455,x4 PCIe 4.0/NVMe,M.2,500GB-2TB,Phison E16,"Dual R5 + CoX, 8-ch, 4-CE/ch",Yes,No,Kioxia,TLC,96,4800/4000,Mid-Range NVMe
Foresee P800,x4 PCIe 3.0/NVMe,M.2,256GB-1TB,Marvell 88SS1092,"Tri-core, 8-ch, 8-CE/ch",Yes,N/A,Longsys,TLC,3D TLC,3200/1900,Mid-Range NVMe
Galax HOF,x4 PCIe 3.0/NVMe,M.2 & AIC,512GB-2TB,Phison E12S,"Dual R5 + CoX, 8-ch, 4-CE/ch",Yes,No,Kioxia,TLC,64,3400/3000,Mid-Range NVMe
Galax HOF 4.0,x4 PCIe 4.0/NVMe,M.2,1TB-4TB,Phison E16,"Dual R5 + CoX, 8-ch, 4-CE/ch",Yes,No,Kioxia,TLC,96,4800/4000,Mid-Range NVMe
Galax HOF 4.0 Extreme,x4 PCIe 4.0/NVMe,M.2,1TB-4TB,Phison E18,"Triple R5 + CoX, 8-ch, 4-CE/ch",Yes,N/A,Micron,TLC,96,7000/6850,High-End NVMe
Galax HOF 5.0,x4 PCIe 5.0/NVMe,M.2,1TB-2TB,Phison E26,"Dual R5 + 3xCoX, 8-ch, 4-CE/ch",Yes,N/A,Micron,TLC,232,10000/9500,High-End NVMe
Gigabyte Aorus,x4 PCIe 3.0/NVMe,M.2 (512GB) & AIC,256GB-1TB,Phison E12S,"Dual R5 + CoX, 8-ch, 4-CE/ch",Yes,No,Kioxia,TLC,64,3480/2000,Mid-Range NVMe
Gigabyte Gen4 4000E,x4 PCIe 4.0/NVMe,M.2,250GB-1TB,Phison E16,,None,None,Micron,Triple-Level Cell (TLC),3D NAND,4000/3900,Entry-Level NVMe
Gigabyte Gen4 Aorus,x4 PCIe 4.0/NVMe,M.2,500GB-2TB,Phison E16,"Dual R5 + CoX, 8-ch, 4-CE/ch",Yes,No,Kioxia,TLC,96,5000/4400,Mid-Range NVMe
Gigabyte Gen4 Aorus v2/Premium,x4 PCIe 4.0/NVMe,M.2,1TB-2TB,Phison E18,"Triple R5 + CoX, 8-ch, 4-CE/ch",Yes,N/A,Micron,TLC,96,7000/6850,High-End NVMe
Gigabyte Gen4 Aorus 5000E,x4 PCIe 4.0/NVMe,M.2,1TB-2TB,Phison E21T,"Single R5, 4-ch, 4-CE/ch",No,Yes,Micron,TLC,3D,5000/4600,Mid-Range NVMe
Gigabyte Gen4 Aorus 7300,x4 PCIe 4.0/NVMe,M.2,1TB-2TB,Phison E18,"Triple R5 + CoX, 8-ch, 4-CE/ch",Yes,N/A,Micron,TLC,176,7300/6850,High-End NVMe
Gigabyte Gen5 Aorus 10000,x4 PCIe 5.0/NVMe,M.2,1TB-4TB,Phison E26,"Dual R5 + 3xCoX, 8-ch, 4-CE/ch",Yes,N/A,Micron,TLC,232,9500/8500,High-End NVMe
Gigabyte Gen5 Aorus 12000,x4 PCIe 5.0/NVMe,M.2,1TB-2TB,Phison E26,"Dual R5 + 3xCoX, 8-ch, 4-CE/ch",Yes,N/A,Micron,TLC,232,12000/12000,High-End NVMe
Gigabyte Gen5 Aorus 14000,x4 PCIe 5.0/NVMe,M.2,1TB-2TB,Phison E26,"Dual R5 + 3xCoX, 8-ch, 4-CE/ch",Yes,N/A,Micron,TLC,232,14500/12700,High-End NVMe
Gigabyte M30,x4 PCIe 3.0/NVMe,M.2,512GB-1TB,SMI SM2262EN,"Dual-core, 8-ch, 4-CE/ch",Yes,No,Micron,TLC,3D,3500/3000,Mid-Range NVMe
Gigabyte NVMe,x2 PCIe 3.0/NVMe,M.2,128GB-512GB,Phison E8T,"Dual-core, 4-ch, 8-CE/ch",No,Yes,Kioxia,TLC,64,1550/850,Entry-Level NVMe
Gigabyte NVMe v2,x4 PCIe 3.0/NVMe,M.2,128GB-1TB,Phison E13T,"Single-core, 4-ch, 8-CE/ch",No,Yes,Kioxia,TLC,64,2500/2100,Entry-Level NVMe
Gigabyte SSD,SATA/AHCI,"2.5""",120GB-1TB,Phison S11,"Single-core, 2-ch, 8-CE/ch",No,N/A,Kioxia,TLC,64,550/500,Entry-Level SATA
Gigabyte UD Pro,SATA/AHCI,"2.5""",256GB-512GB,Phison S10,"Quad-core, 8-ch, 4-CE/ch",Yes,N/A,Kioxia,TLC,64,530/500,Mid-Range SATA
Gigabyte Vision Drive,USB 3.2 Gen2x1,USB-C,1TB,Phison E12S,"Dual R5 + CoX, 8-ch, 4-CE/ch",Yes,No,Micron,TLC,3D,2000/2000,Mid-Range NVMe
Goodram IRDM Pro,x4 PCIe 4.0/NVMe,M.2,1TB-4TB,Phison E18,"Triple R5 + CoX, 8-ch, 4-CE/ch",Yes,N/A,Micron,TLC,176,7000/6850,High-End NVMe
Goodram IRDM Ultimate,x4 PCIe 5.0/NVMe,M.2,1TB-4TB,Phison E26,"Dual R5 + 3xCoX, 8-ch, 4-CE/ch",Yes,N/A,Kioxia (formerly Toshiba),BiCS4,112,"up to 7000 MB/s read, 6500 MB/s write",High-End NVMe
Goodram IRDM Ultimate X,x4 PCIe 4.0/NVMe,M.2,500GB-2TB,Phison E16,"Dual R5 + CoX, 8-ch, 4-CE/ch",Yes,No,Kioxia,TLC,96,5000/4500,Mid-Range NVMe
Goodram PX500,x4 PCIe 3.0/NVMe,M.2,256GB-1TB,SMI SM2263XT,"Dual-core, 4-ch, 4-CE/ch",No,Yes,Micron,TLC,64,2050/1650,Entry-Level NVMe
Goodram PX600,x4 PCIe 4.0/NVMe,M.2,250GB-2TB,,,,,,,,5000/4200,Mid-Range NVMe
Goodram PX700,x4 PCIe 4.0/NVMe,M.2,512GB-4TB,,,,,Kioxia (formerly Toshiba),TLC (Tri-Level Cell),,7400/6500,
Greenliant ArmourDrive,x4 PCIe 3.0/NVMe,M.2,128GB-2TB,Phison E13T,"Single-core, 4-ch, 8-CE/ch",No,Yes,Kioxia (formerly Toshiba),Tri-Level Cell (TLC),3D TLC,2500/2100,Entry-Level NVMe
Fantom VENOM8,x4 PCIe 4.0/NVMe,M.2,1TB-4TB,Phison E18,"Triple R5 + CoX, 8-ch, 4-CE/ch",Yes,N/A,Micron,TLC,176,,High-End NVMe
Fantom VENOMX,x4 PCIe 4.0/NVMe,M.2,1TB-2TB,Phison E21T,"Single R5, 4-ch, 4-CE/ch",No,Yes,Micron,QLC,176,5100/2600,Mid-Range NVMe
HIKVision C2000,x4 PCIe 3.0/NVMe,M.2,256GB-1TB,Phison E12S,"Dual R5 + CoX, 8-ch, 4-CE/ch",Yes,No,Kioxia,TLC,64,3500/3000,Mid-Range NVMe
HP EX900,x4 PCIe 3.0/NVMe,M.2,120GB-1TB,SMI SM2263XT,"Dual-core, 4-ch, 4-CE/ch",No,Yes,Micron,TLC,64,2100/1500,Entry-Level NVMe
HP EX900 Plus,x4 PCIe 3.0/NVMe,M.2,128GB-2TB,Innogrit IG5216,"Dual-core, 4x4",No,Yes,Micron,TLC,3D,3300/2700,Entry-Level NVMe
HP EX900 Pro,x4 PCIe 3.0/NVMe,M.2,256GB-1TB,SMI SM2263,"Dual-core, 4-ch, 4-CE/ch",Yes,N/A,Micron,TLC,,2095/1965,Entry-Level NVMe
HP EX920,x4 PCIe 3.0/NVMe,M.2,256GB-1TB,SMI SM2262,"Dual-core, 8-ch, 4-CE/ch",Yes,No,Micron,TLC,64,3200/1800,Mid-Range NVMe
HP EX950,x4 PCIe 3.0/NVMe,M.2,512GB-2TB,SMI SM2262EN,"Dual-core, 8-ch, 4-CE/ch",Yes,No,Micron,TLC,64,3500/2900,Mid-Range NVMe
HP FX700,x4 PCIe 4.0/NVMe,M.2,512GB-4TB,Maxio MAP1602,,No,Yes,YMTC,QLC,232,7200/6200,Mid-Range NVMe
HP FX900,x4 PCIe 4.0/NVMe,M.2,256GB-2TB,InnoGrit IG5220,"Tri-core R5, 4x8",No,Yes,Micron,TLC,176L,5000/4800,Mid-Range NVMe
HP FX900 Plus,x4 PCIe 4.0/NVMe,M.2,1TB,Maxio MAP1602,Cortex-R5,No,Yes,YMTC,TLC,3D TLC,7100/6300,Client
HP FX900 Pro,x4 PCIe 4.0/NVMe,M.2,512GB-2TB,InnoGrit IG5236,"Quad-core, 8-ch",Yes,N/A,Micron,TLC,176,7400/6700,High-End NVMe
HP M700,SATA/AHCI,"2.5"" & M.2",120GB-240GB,SMI SM2258XT,"Single-core, 4-ch, 4-CE/ch",No,N/A,Samsung,MLC,N/A,560/520,Entry-Level SATA
HP P500,USB 3.2 Gen 1x1,USB-C,120GB-500GB,SMI SM3350,N/A,No,N/A,Samsung,TLC,,380/200,Entry-Level SATA
HP P600,USB 3.2 Gen 2x1,USB-C,250GB-1TB,SMI SM2258XT,"Single-core, 4-ch, 4-CE/ch",No,N/A,Micron,TLC,64,560/500,Entry-Level SATA
HP P700,USB 3.2 Gen 2x1,USB-C,256GB-1TB,SMI SM2263,"Dual-core, 4-ch, 4-CE/ch",No,Yes,Micron,TLC,64,1000/1000,Entry-Level NVMe
HP P800,Thunderbolt 3,USB-C,256GB-1TB,SMI SM2263,"Dual-core, 4-ch, 4-CE/ch",No,Yes,Micron,TLC,64,2400/1200,Entry-Level NVMe
HP S600,SATA/AHCI,"2.5""",120GB-240GB,Marvell 88NV1120,"Dual-core, 2-ch, 4-CE/ch",No,N/A,Micron,TLC,64,520/500,Garbage
HP S650,SATA/AHCI,"2.5""","256GB, 512GB, 1TB",Silicon Motion SM2258,MLC (Multi-Level Cell),1GB,Not Applicable (Not a hybrid drive),Micron,TLC (Triple-Level Cell),3D TLC,"Read: 550 MB/s, Write: 450 MB/s",Consumer Grade SSD
HP S700,SATA/AHCI,"2.5"" & M.2",120GB-500GB,SMI SM2258XT,"Single-core, 4-ch, 4-CE/ch",No,N/A,Micron,TLC,32/64,560/515,Entry-Level SATA
HP S700 Pro,SATA/AHCI,"2.5"" & M.2 (512GB)",128GB-1TB,SMI SM2258,"Single-core, 4-ch, 8-CE/ch",Yes,N/A,Micron,TLC,32/64,570/525,Mid-Range SATA
HP S750,SATA/AHCI,"2.5""",256GB-1TB,SMI SM2259XT,"Single-core, 4-ch, 4-CE/ch",No,N/A,Micron,TLC,96,560/520,Entry-Level SATA
Hynix Beetle,USB 3.2 Gen 2x1,USB-C,512GB-1TB,Cepheus II,"Dual R5, 4x4",Yes,N/A,Hynix,TLC,128,1050/1000,High-End Consumer
Hynix Gold P31,x4 PCIe 3.0/NVMe,M.2,500GB-2TB,Cepheus II,"Dual R5, 4x4",Yes,No,Hynix,TLC,128,3500/3200,Mid-Range NVMe
Hynix Gold S31,SATA/AHCI,"2.5""",250GB-1TB,Quartz/SH87830CC,"Dual-core, 8-ch, 4-CE/ch",Yes,N/A,Hynix,TLC,72,560/525,High-End SATA
Hynix Platinum P41,x4 PCIe 4.0/NVMe,M.2,500GB-2TB,Aries,"R8 + M7 + 2xR8, 8x4",Yes,No,Hynix,TLC,176,7000/6500,High-End NVMe
Hynix Platinum P51,x4 PCIe 5.0/NVMe,M.2,500GB-2TB,Alistair,R8,Yes,N/A,Hynix,TLC,238,13500/11500,High-End NVMe
Hyundai Sapphire,SATA/AHCI,"2.5""",120GB-480GB,Marvell 88NV1120,"Dual-core, 2-ch, 4-CE/ch",No,N/A,Micron,TLC,32,500/300,Entry-Level SATA
I-O Data SSPH-UT,USB 3.2 Gen 1x1,USB-A,250GB-1TB,SMI SM2259XT,"Single-core, 4-ch, 4-CE/ch",No,N/A,Micron,MLC (Multi-Level Cell),,350/300,Entry-Level SATA
Inland Basic,x2 PCIe 3.0/NVMe,M.2,256GB,Phison E8T,"Dual-core, 4-ch, 8-CE/ch",No,Yes,Kioxia,TLC,64,1100/600,Entry-Level NVMe
Inland Gaming Perf. Plus,x4 PCIe 4.0/NVMe,M.2,1TB-8TB,Phison E18,"Triple R5 + CoX, 8-ch, 4-CE/ch",Yes,N/A,Micron,TLC,176,7000/6850,High-End NVMe
Inland Performance,x4 PCIe 4.0/NVMe,M.2,1TB-2TB,Phison E16,"Dual R5 + CoX, 8-ch, 4-CE/ch",Yes,No,Kioxia,TLC,96,5000/4300,Mid-Range NVMe
Inland Performance Plus,x4 PCIe 4.0/NVMe,M.2,1TB-8TB,Phison E18,"Triple R5 + CoX, 8-ch, 4-CE/ch",Yes,N/A,Micron,TLC,96,7000/6850,High-End NVMe
Inland Platinum,x4 PCIe 3.0/NVMe,M.2,1TB-8TB,Phison E12S,"Dual R5 + CoX, 8-ch, 4-CE/ch",Yes,No,Micron,QLC,96,3400/3000,Mid-Range NVMe
Inland Platinum (External),USB 3.2 Gen 2x1,USB-C,500GB-1TB,Phison U17,"Single-core, 2-ch, 8-CE/ch",No,No,Micron,QLC,96,1100/1000,Entry-Level NVMe
Inland Premium (NVMe),x4 PCIe 3.0/NVMe,M.2,256GB-2TB,Phison E12S,"Dual R5 + CoX, 8-ch, 4-CE/ch",Yes,No,Kioxia,TLC,64,3100/2900,Mid-Range NVMe
Inland Prime,x4 PCIe 3.0/NVMe,M.2,1TB,Phison E15T,"Single-core R5 + CoX, 4-ch, 8-CE/ch",No,Yes,Micron,TLC,176,3300/3000,Mid-Range NVMe
Inland Pro QLC (NVMe),x4 PCIe 3.0/NVMe,M.2,1TB-2TB,Phison E13T,"Single-core, 4-ch, 8-CE/ch",No,Yes,Kioxia,QLC,96,2000/1900,Entry-Level NVMe
Inland Premium (SATA),SATA/AHCI,"2.5""",256GB-1TB,Marvell,,512MB,N/A,Micron,QLC,3D TLC,510/470,Entry-Level SATA
Inland Pro. (NVMe),x2 PCIe 3.0/NVMe,M.2,128GB-1TB,Phison E8,"Dual-core, 4-ch, 8-CE/ch",Yes,No,Kioxia,TLC,64,1550/1000,Entry-Level NVMe
Inland Pro. (SATA),SATA/AHCI,"2.5""",120GB-1TB,Phison S11,"Single-core, 2-ch, 8-CE/ch",No,N/A,Kioxia,TLC,64,500/470,Entry-Level SATA
Inland TD510,x4 PCIe 5.0/NVMe,M.2,2TB-4TB,Phison E26,"Dual R5 + 3xCoX, 8-ch, 4-CE/ch",Yes,N/A,Micron,TLC,232,10000/9500,High-End NVMe
Inland TN325,x4 PCIe 3.0/NVMe,M.2,512GB-2TB,,,,,,,,2400/2100,"Consumer-grade NVMe SSD, High-performance storage, PC gaming, Professional applications"
Inland TN436,x4 PCIe 4.0/NVMe,M.2,1TB,Phison E19T,"Single R5 + CoX, 4-ch, 8-CE/ch",No,Yes,Kioxia,TLC,112,3400/2400,Entry-Level NVMe
Inland TN446,x4 PCIe 4.0/NVMe,M.2,512GB-1TB,Phison E21T,"Single R5 + CoX, 4-ch, 8-CE/ch",No,Yes,Kioxia (formerly Toshiba),TLC,Tri-Level Cell (TLC),4700/3700,Mid-Range NVMe
Inland TN450,x4 PCIe 4.0/NVMe,M.2,500GB-2TB,Phison E21T,"Single R5 + CoX, 4-ch, 8-CE/ch",No,Yes,Western Digital,TLC,3D,5000/5000,Mid-Range NVMe
Inland TN470,x4 PCIe 4.0/NVMe,M.2,1TB-2TB,Phison E27T,"Single R5 + CoX, 4-CH, 4-CE/ch",No,Yes,Kioxia,TLC,162,7300/6400,Client SSD
Inland QN322,x4 PCIe 3.0/NVMe,M.2,500GB-2TB,Phison E13T,"Single-core, 4-ch, 8-CE/ch",No,Yes,Intel,QLC,96,2300/1800,Entry-Level NVMe
Inland QN446,x4 PCIe 4.0/NVMe,M.2,2TB,Phison E21T,"Single R5 + CoX, 4-ch, 8-CE/ch",No,Yes,Micron,QLC,176,5000/3200,Entry-Level NVMe
Intel 545s,SATA/AHCI,"2.5"" & M.2 (256GB)",256GB-1TB,SMI SM2259,"Single-core, 4-ch, 8-CE/ch",Yes,N/A,Intel,TLC,64,550/500,High-End SATA
Intel 660p,x4 PCIe 3.0/NVMe,M.2,512GB-2TB,SMI SM2263,"Dual-core, 4-ch, 4-CE/ch",Yes,No,Intel,QLC,64,1800/1800,Entry-Level NVMe
Intel 665p,x4 PCIe 3.0/NVMe,M.2,1TB-2TB,SMI SM2263,"Dual-core, 4-ch, 4-CE/ch",Yes,No,Intel,QLC,96,2000/2000,Entry-Level NVMe
Intel 670p,x4 PCIe 3.0/NVMe,M.2,512GB-2TB,SMI SM2265,"Dual-core R5, 4-ch, 4-CE/ch",Yes,No,Intel,QLC,144,3500/2700,Entry-Level NVMe
Intel 760p,x4 PCIe 3.0/NVMe,M.2,128GB-2TB,SMI SM2262,"Dual-core, 8-ch, 4-CE/ch",Yes,No,Intel,TLC,64,3230/1625,Mid-Range NVMe
KingDian S280,SATA/AHCI,"2.5""",120GB-1TB,SMI SM2258,"Single-core, 4-ch, 8-CE/ch",Yes,N/A,Intel,TLC,32/64,560/420,Mid-Range SATA
KingDian S400,SATA/AHCI,"2.5""",120GB-480GB,SMI SM2258XT,"Single-core, 4-ch, 4-CE/ch",No,N/A,Intel,TLC,32,530/450,Entry-Level SATA
KingMax PQ4480,x4 PCIe 4.0/NVMe,M.2,250GB-1TB,Phison E19T,"Single R5 + CoX, 4-ch, 8-CE/ch",No,Yes,Kioxia (formerly Toshiba),TLC,3D TLC,3600/3000,Entry-Level NVMe
KingMax PX3480,x4 PCIe 3.0/NVMe,M.2,256GB-1TB,Phison E12S,"Dual R5 + CoX, 8-ch, 4-CE/ch",Yes,No,Kioxia,TLC,64,3400/3400,Mid-Range NVMe
KingMax PX4480,x4 PCIe 4.0/NVMe,M.2,500GB-2TB,Phison E16,"Dual R5 + CoX, 8-ch, 4-CE/ch",Yes,No,Kioxia,TLC,96,5000/4400,Mid-Range NVMe
KingMax SMV,SATA/AHCI,"2.5""",120GB-960GB,Phison S11,"Single-core, 2-ch, 8-CE/ch",No,N/A,Kioxia,TLC,64,500/500,Entry-Level SATA
Kingston A1000,x2 PCIe 3.0/NVMe,M.2,240GB-960GB,Phison E8,"Dual-core, 4-ch, 8-CE/ch",Yes,No,Kioxia,TLC,64,1500/1000,Entry-Level NVMe
Kingston A400,SATA/AHCI,"2.5""",120GB-960GB,Phison S11,"Single-core, 2-ch, 8-CE/ch",No,N/A,Kioxia,TLC,32+,500/450,Entry-Level SATA
Kingston A2000,x4 PCIe 3.0/NVMe,M.2,250GB-1TB,SMI SM2263,"Dual-core, 4-ch, 4-CE/ch",Yes,No,Micron,TLC,64/96,2200/2000,Entry-Level NVMe
Kingston Fury Renegade,x4 PCIe 4.0/NVMe,M.2,500GB-4TB,Phison E18,"Triple R5 + CoX, 8-ch, 4-CE/ch",Yes,N/A,Micron,TLC,176,7300/7000,High-End NVMe
Kingston Ghost Tree,x4 PCIe 4.0/NVMe,M.2,1TB-4TB,Phison E18,,8GB,No,Kioxia (formerly Toshiba),Tri-Level TLC,3D TLC,7000/7000,
Kingston Grandview ES,x4 PCIe 4.0/NVMe,M.2,500GB-2TB,Marvell Whistler Plus,4-ch,None,None,Kioxia (formerly Toshiba),BiCS5,Triple-Layered MLC (3D TLC),Read/Write,"Consumer, Enterprise"
Kingston HyperX RGB,SATA/AHCI,"2.5""",120GB-960GB,Marvell 88SS1074,"Dual-core, 4-ch, 8-CE/ch",Yes,N/A,Micron,TLC,64,520/500,Garbage
Kingston KC600,SATA/AHCI,"2.5""",256GB-2TB,SMI SM2259,"Single-core, 4-ch, 8-CE/ch",Yes,N/A,Micron,TLC,96,550/520,High-End SATA
Kingston KC2000,x4 PCIe 3.0/NVMe,M.2,256GB-2TB,SMI SM2262EN,"Dual-core, 8-ch, 4-CE/ch",Yes,No,Kioxia,TLC,96,3200/2200,Mid-Range NVMe
Kingston KC2500,x4 PCIe 3.0/NVMe,M.2,250GB-2TB,SMI SM2262EN,"Dual-core, 8-ch, 4-CE/ch",Yes,No,Kioxia,TLC,96,3500/2900,Mid-Range NVMe
Kingston KC3000,x4 PCIe 4.0/NVMe,M.2,512GB-4TB,Phison E18,"Triple R5 + CoX, 8-ch, 4-CE/ch",Yes,N/A,Micron,TLC,176,7000/7000,High-End NVMe
Kingston NV1,x4 PCIe 3.0/NVMe,M.2,500GB-2TB,SMI SM2263XT,"Dual-core, 4-ch, 4-CE/ch",No,Yes,Micron (assuming TLC/QLC is the NAND type),TLC/QLC,,2100/1700,Entry-Level NVMe
Kingston NV2,x4 PCIe 4.0/NVMe,M.2,250GB-4TB,Phison E21T,"Single R5, 4-ch, 4-CE/ch",No,Yes,Kioxia,TLC,112,3500/2800,Entry-Level NVMe
Kingston Q500,SATA/AHCI,"2.5""",120GB-960GB,Phison S11T/S13T,"Single-core, 2-ch, 8-CE/ch",No,N/A,Micron,TLC,64,500/450,Entry-Level SATA
Kingston Seccos ES,x4 PCIe 3.0/NVMe,M.2,250GB-2TB,Phison PS5018-E18,,1GB DDR5 (or 512MB LPDDR4),,Kioxia (formerly Toshiba),Tri-Level MLC,3D TLC,3500/3000,
Kingston UV500,SATA/AHCI,"2.5"" & M.2 (960GB)",120GB-1920GB,Marvell 88SS1074,"Dual-core, 4-ch, 8-CE/ch",Yes,N/A,Micron,TLC,64,520/500,Mid-Range SATA
Kingston XS1000,USB 3.2 Gen 2x2,USB-C,1TB-2TB,Phison PS5016-E16,,,,Kioxia (formerly Toshiba),TLC (Tri-Level Cell),MLC (Multi-Level Cell) + SLC (Single-Level Cell),1000/1000,Entry-Level NVMe
Kingston XS2000,USB 3.2 Gen 2x2,USB-C,500GB-2TB,SMI SM2320,Hybrid,No,N/A,Micron,TLC,96,2000/2000,Entry-Level NVMe
KingSpec NX,x4 PCIe 3.0/NVMe,M.2,128GB-1TB,Maxio MAP1202,"Dual R5, 4x4",No,Yes,Micron,TLC,3D TLC,3400/3100,Entry-Level NVMe
KingSpec P4,SATA/AHCI,"2.5""",120GB-480GB,Maxio MAS0902A,"Dual-core, 4-Ch, 8-CE/ch",No,N/A,Intel,QLC,64,560/520,Entry-Level SATA
Kingspec XG 7000 Pro,x4 PCIe 4.0/NVMe,M.2,512GB-4TB,InnoGrit IG5236,"Quad-core, 4-Ch, 8-CE/ch",Yes,N/A,Kioxia (formerly Toshiba),TLC,,7500/6500,High-End NVMe
Kioxia Excercia,x4 PCIe 3.0/NVMe,M.2,250GB-1TB,Phison E12C,"Dual R5 + CoX, 4-ch, 4-CE/ch",Yes,N/A,Kioxia,TLC,96,1700/1600,Entry-Level NVMe
Kioxia Exceria Plus,x4 PCIe 3.0/NVMe,M.2,500GB-2TB,Phison E12S,"Dual R5 + CoX, 8-ch, 4-CE/ch",Yes,N/A,Kioxia,TLC,96,3400/3200,Mid-Range NVMe
Kioxia Exceria Plus G3,x4 PCIe 4.0/NVMe,M.2,1TB-2TB,Phison E21T,"Single R5 + CoX, 4-ch, 8-CE/ch",No,Yes,Kioxia,TLC,112,5000/3900,Mid-Range NVMe
Kioxia Exceria Pro,x4 PCIe 4.0/NVMe,M.2,1TB-2TB,Phison E18,"Triple R5 + CoX, 8-ch, 4-CE/ch",Yes,N/A,Kioxia,TLC,112,7300/6400,High-End NVMe
Kioxia Excercia SATA,SATA/AHCI,"2.5""",240GB-960GB,Phison S11T,"Single-core, 2-ch, 8-CE/ch",No,N/A,Kioxia,TLC,96,555/540,Entry-Level SATA
KLEVV CRAS C700/RGB,x4 PCIe 3.0/NVMe,M.2,120GB-480GB,SMI SM2263,"Dual-core, 4-ch, 4-CE/ch",Yes,No,Hynix,TLC,72,1500/1300,Entry-Level NVMe
KLEVV CRAS C710,x4 PCIe 3.0/NVMe,M.2,256GB-1TB,SMI SM2263XT,"Dual-core, 4-ch, 4-CE/ch",No,Yes,Micron,TLC,64,2100/1650,Entry-Level NVMe
KLEVV CRAS C720,x4 PCIe 4.0/NVMe,M.2,256GB-2TB,Phison E12S,"Dual R5 + CoX, 8-ch, 4-CE/ch",Yes,No,Micron,TLC,96,3400/3100,Mid-Range NVMe
KLEVV CRAS C730,x4 PCIe 3.0/NVMe,M.2,512GB-2TB,Realtek RTS5762,"Dual-core, 8-ch, 4-CE/ch",Yes,No,Micron,TLC (Tri-Level Cell),,3700/2800,Mid-Range NVMe
KLEVV CRAS C910,x4 PCIe 4.0/NVMe,M.2,500GB-1TB,InnoGrit IG5220,"Tri-core R5, 4x8",No,Yes,Kioxia (formerly Toshiba),BiCS5,3D,5000/4800,Mid-Range NVMe
KLEVV CRAS C910 Lite,x4 PCIe 4.0/NVMe,M.2,500GB-4TB,Phison E21T,"Single R5 + CoX, 4-ch, 8-CE/ch",No,Yes,Micron,Tri-Level Cell (TLC),3D NAND MLC,5000/4200,Mid-Range NVMe
KLEVV CRAS C920,x4 PCIe 4.0/NVMe,M.2,1TB-2TB,Phison E18,"Triple R5 + CoX, 8-ch, 4-CE/ch",Yes,N/A,,TLC,96,7000/6850,High-End NVMe
KLEVV CRSA C925,x4 PCIe 4.0/NVMe,M.2,500GB-2TB,Maxio MAP1602,"R5, 4x8",No,Yes,Hynix,TLC,238,7400/6500,High-End NVMe
KLEVV CRAS C930,x4 PCIe 4.0/NVMe,M.2,1TB-2TB,InnoGrit IG5236,"Quad-core, 8-ch",Yes,N/A,,,,7400/6800,High-End NVMe
KLEVV CRAS C950,x4 PCIe 5.0/NVMe,M.2,1TB-4TB,Phison E26,"Dual DC R5 + 3xCoX, 8-ch, 4-CE/ch",Yes,N/A,Micron,TLC,232,12000/?,High-End NVMe
KLEVV Genuine G560,x4 PCIe 5.0/NVMe,M.2,Up to 16TB (varies by model),Phison PS5018-E18,SLC + MLC (varies by capacity),None,None,Micron/Memory Shine,Tri-Level Cell (TLC) / Quad-Level Cell (QLC),3D TLC/QLC,"Up to 5500 MB/s read, up to 4800 MB/s write",High-performance NVMe SSD
KLEVV NEO N610,SATA/AHCI,"2.5""",256GB-1TB,SMI SM2258,"Single-core, 4-ch, 8-CE/ch",Yes,N/A,Micron,TLC,64+,560/520,High-End SATA
LaCie Portable SSD,USB 3.2 Gen 2x1,USB-C,500GB-2TB,Phison S10,"Quad-core, 8-ch, 4-CE/ch",Yes,N/A,Kioxia,TLC,64,540/?,Mid-Range SATA
LaCie Rugged BOSS,USB 3.1 Gen2,USB-C,1TB,SLC (Single-Level Cell),,"Yes, 256MB",,Micron,MLC (Multi-Level Cell),3D TLC (Triple-Level Cell),430/430,Industrial-grade SSD for ruggedized applications
LaCie Rugged Mini SSD,USB 3.2 Gen 2x2,USB-C,"250GB, 500GB, 1TB",Phison PS5016-E16,NVMe,4GB,Yes,Kioxia (formerly Toshiba),TLC (Tri-Level Cell),3D NAND,"Read: up to 3000 MB/s, Write: up to 2000 MB/s","Industrial-grade SSD, ruggedized storage device"
LaCie Rugged SSD,USB 3.2 Gen 2x1,USB-C,500GB-2TB,Phison E12S,"Dual R5 + CoX, 8-ch, 4-CE/ch",Yes,No,Kioxia,TLC,64,950/950,Entry-Level NVMe
LaCie Rugged SSD Pro,Thunderbolt 3,USB-C,1TB-2TB,Phison E12S,"Dual R5 + CoX, 8-ch, 4-CE/ch",Yes,No,Kioxia,TLC,64,2800/2800,Mid-Range NVMe
Lenovo SL7000 50E,x4 PCIe 5.0/NVMe,M.2,512GB-2TB,Phison E26,"Dual DC R5 + 3xCoX, 8-ch, 4-CE/ch",Yes,N/A,Micron,TLC,232,12400/?,High-End NVMe
Lenovo LN860,PCIe,M.2,"250GB, 500GB, 1TB",Marvell,SATA III (6Gb/s) and PCIe 3.0 x4,,No,Micron,64-layer 3D TLC,,3500/3000,Client SSD
Lenovo LN960,SATA III,M.2,"250GB, 500GB, 1TB",Marvell 88SS1093,PCIe NVMe,256MB,Not Applicable (HMB not used in this SSD),Micron,3D TLC (Tri-Level Cell),48 layers,7400/6500,
Lexar NS100,SATA/AHCI,"2.5""",240GB-480GB,Marvell 88NV1120,"Dual-core, 2-ch, 4-CE/ch",No,N/A,Micron,TLC,64,550/520,Entry-Level SATA
Lexar NS200,SATA/AHCI,"2.5""",240GB-960GB,SMI SM2258,"Single-core, 4-ch, 8-CE/ch",Yes,N/A,Micron,TLC,64,550/510,High-End SATA
Lexar NM210,SATA/AHCI,M.2,128GB-512GB,SMI SM2258,"Single-core, 4-ch, 8-CE/ch",Yes,N/A,Micron,TLC,64,550/510,High-End SATA
Lexar NM500,x2 PCIe 3.0/NVMe,M.2,128GB-512GB,Marvell 88NV1160,"Dual-core, 4-ch, 4-CE/ch",No,Yes,Kioxia,TLC,64,1650/1000,Entry-Level NVMe
Lexar NM520,x2 PCIe 3.0/NVMe,M.2,128GB-512GB,Phison PS5016-E16 (or similar),,No,Yes,Kioxia (formerly Toshiba),Tri-Level TLC,3D,1650/1000,Entry-Level NVMe
Lexar NM600,x4 PCIe 3.0/NVMe,M.2,240GB-480GB,SMI SM2263XT,"Dual-core, 4-ch, 4-CE/ch",No,Yes,Micron,TLC,64,2100/1600,Entry-Level NVMe
Lexar NM610,x4 PCIe 3.0/NVMe,M.2,250GB-1TB,SMI SM2263XT,"Dual-core, 4-ch, 4-CE/ch",No,Yes,Micron,TLC,64,2100/1600,Entry-Level NVMe
Lexar NM610 Pro,x4 PCIe 3.0/NVMe,M.2,500GB-2TB,Maxio MAP1202,"Dual R5, 4x4",No,Yes,Kioxia (formerly Toshiba),TLC,3D,3300/2600,Entry-Level NVMe
Lexar NM620,x4 PCIe 3.0/NVMe,M.2,256GB-1TB,Innogrit IG5216,"Dual-core, 4x4",No,Yes,Micron,TLC,96,3300/3000,Entry-Level NVMe
Lexar NM700,x4 PCIe 3.0/NVMe,M.2,256GB-1TB,Marvell 88SS1092,"Tri-core, 8-ch, 8-CE/ch",Yes,N/A,Kioxia,TLC,96,3500/2000,Mid-Range NVMe
Lexar NM710,x4 PCIe 4.0/NVMe,M.2,500GB-2TB,Maxio MAP1602,"4-ch, 4-CE/ch",No,Yes,Micron,TLC,176,5000/4500,Mid-Range NVMe
Lexar NM760,x4 PCIe 4.0/NVMe,M.2,512GB-1TB,SMI SM2269XT,"Dual-core R8, 4-ch",No,Yes,Micron,TLC,176,5300/4500,Mid-Range NVMe
Lexar NM790,x4 PCIe 4.0/NVMe,M.2,512GB-2TB,Maxio MAP1602,"R5, 4x8",No,Yes,YMTC,TLC,232,7400/6500,Consumer
Lexar NM800 (NM800PRO),x4 PCIe 4.0/NVMe,M.2,512GB-1TB,InnoGrit IG5236,"Quad-core, 8-ch",Yes,N/A,Micron,TLC,176,7400/5800,High-End NVMe
Lexar NM990,x4 PCIe 5.0/NVMe,M.2,1TB-4TB,,Phison PS5018-E18 (Quad-core CPU),None,None,Kioxia,Tri-Level 3D TLC NAND,,14000/12000,High-End NVMe
Lexar NM1090,x4 PCIe 5.0/NVMe,M.2,1TB-4TB,Phison E18 (or similar),,"None (since it's a high-end NVMe SSD, DRAM is likely not present)","None (similarly, HMB is not typically found in consumer-grade SSDs like this one)",Kioxia (formerly Toshiba),Tri-Level Cell (TLC) or similar,"3D NAND (since it's a modern NVMe SSD, it likely uses 3D NAND)",14000/12000,High-End NVMe
Lexar NM1090 Pro,x4 PCIe 5.0/NVMe,M.2,1TB-4TB,Phison E18,,8GB,,Kioxia,BiCS5,3D TLC,14000/12000,High-End NVMe
Lexar NQ100,SATA/AHCI,"2.5""",240GB-960GB,Marvell 88NV1120,"Dual-core, 2-ch, 4-CE/ch",No,N/A,Micron,TLC,96,550/?,Entry-Level SATA
Lexar NQ790,x4 PCIe 4.0/NVMe,M.2,500GB-2TB,Maxio MAP1602,"R5, 4x8",No,Yes,YMTC,QLC,232,7000/6000,Mid-Range NVMe
Lexar PLAY 2230,x4 PCIe 4.0/NVMe,M.2,1TB,SMI SM2269XT,,No,Yes,Micron,TLC,Triple-Level Cell (TLC),5200/4700,Mainstream
Lexar SL100 Pro,USB 3.2 Gen 2x1,USB-C,250GB-1TB,Marvell 88NV1160,"Dual-core, 4-ch, 4-CE/chj",No,Yes,Unknown,TLC,64,950/900,Entry-Level NVMe
Lexar SL200,USB 3.2 Gen 2x1,USB-C,512GB-2TB,Marvell 88NV1120,"Dual-core, 2-ch, 4-CE/ch",No,N/A,Micron,TLC,64,550/400,Entry-Level SATA
Lexar SL660 Blaze,USB 3.2 Gen 2x2,USB-C,512GB-1TB,SMI SM2320,Hybrid,No,N/A,Micron,TLC,96,2000/1900,Entry-Level NVMe
Maxtor Z1,SATA/AHCI,"2.5""",240GB-960GB,Phison S11,"Single-core, 2-ch, 8-CE/ch",No,N/A,Kioxia,TLC,64,540/475,Entry-Level SATA
MDSSD BPX Pro,x4 PCIe 3.0/NVMe,M.2,240GB-960GB,Phison E12S,"Dual R5 + CoX, 8-ch, 4-CE/ch",Yes,No,Kioxia,TLC,64,3400/3100,Mid-Range NVMe
MDSSD SBX,x2 PCIe 3.0/NVMe,M.2,128GB-1TB,Phison E8,"Dual-core, 4-ch, 8-CE/ch",Yes,No,Kioxia,TLC,64,1600/1300,Entry-Level NVMe
MDSSD SBXe,x2 PCIe 3.0/NVMe,M.2,120GB-480GB,Phison E8T,"Dual-core, 4-ch, 8-CE/ch",No,Yes,Kioxia,TLC,64,1600/1000,Entry-Level NVMe
MDSSD SBXe (2nd Gen),x4 PCIe 3.0/NVMe,M.2,120GB-960GB,Phison E13T,"Single-core, 4-ch, 8-CE/ch",No,Yes,Kioxia,TLC,64,2500/2100,Entry-Level NVMe
Micron 1100,SATA/AHCI,"2.5"" & M.2 (1TB)",275GB-2TB,Marvell 88SS1074,"Dual-core, 4-ch, 8-CE/ch",Yes,N/A,Micron,TLC,32,530/500,Mid-Range SATA
Micron 1300,SATA/AHCI,"2.5"" & M.2 (1TB)",256GB-2TB,Marvell 88SS1074,"Dual-core, 4-ch, 8-CE/ch",Yes,N/A,Micron,TLC,96,530/520,High-End SATA
Micron 2400,x4 PCIe 4.0/NVMe,M.2,Up to 1TB,SMI SM2269XT,"Dual R5, 4x4",No,Yes,Micron,QLC,176,"Read (max): 3400 MB/s, Write (max): 2000 MB/s",SATA SSDs
MSI M370,x4 PCIe 3.0/NVMe,M.2,256GB-2TB,Phison E13T,"Single-core, 4-ch, 8-CE/ch",No,Yes,Kioxia,TLC,96,2400/1850,Entry-Level NVMe
MSI M371,x4 PCIe 3.0/NVMe,M.2,500GB-2TB,Phison E13T,"Single-core, 4-ch, 8-CE/ch",No,Yes,Intel,QLC,96,2000/1800,Entry-Level NVMe
MSI M372,x4 PCIe 3.0/NVMe,M.2,256GB-1TB,Phison E13T,"Single-core, 4-ch, 8-CE/ch",No,Yes,Innogrit,Tri-Level MLC,3D TLC,2400/2000,Entry-Level NVMe
MSI M390,x4 PCIe 3.0/NVMe,M.2,500GB-1TB,Phison E15T,"Single-core R5 + CoX, 4-ch, 8-CE/ch",No,Yes,Micron,TLC,176,3300/3000,Entry-Level NVMe
MSI M450,x4 PCIe 4.0/NVMe,M.2,250GB-1TB,Phison E19T,"Single R5 + CoX, 4-ch, 8-CE/ch",No,Yes,Micron,TLC,96+,3600/3000,Entry-Level NVMe
MSI M452,x4 PCIe 4.0/NVMe,M.2,500GB-2TB,Phison E19T,"Single R5 + CoX, 4-ch, 8-CE/ch",No,Yes,Micron,Tri-Level MLC,96,3500/2700,Entry-Level NVMe
MSI M453,x4 PCIe 4.0/NVMe,M.2,500GB-2TB,Phison E19T,"Single R5 + CoX, 4-ch, 8-CE/ch",No,Yes,Unknown,Unknown,Unknown,3600/2800,Entry-Level NVMe
MSI M461,x4 PCIe 4.0/NVMe,M.2,500GB-4TB,Phison E21T,"Single R5, 4-ch, 4-CE/ch",No,Yes,SK Hynix,TLC,3D,5000/4200,Mid-Range NVMe
MSI M470,x4 PCIe 4.0/NVMe,M.2,1TB-2TB,Phison E16,"Dual R5 + CoX, 8-ch, 4-CE/ch",Yes,No,Kioxia,TLC,96,5000/4400,Mid-Range NVMe
MSI M471,x4 PCIe 4.0/NVMe,M.2,1TB-2TB,Phison E16,"Dual R5 + CoX, 8-ch, 4-CE/ch",Yes,No,Micron,QLC,96,4850/3600,Mid-Range NVMe
MSI M480,x4 PCIe 4.0/NVMe,M.2,500GB-2TB,Phison E18,"Triple R5 + CoX, 8-ch, 4-CE/ch",Yes,N/A,Micron,TLC,96,7000/6850,High-End NVMe
MSI M480 PRO,x4 PCIe 4.0/NVMe,M.2,1TB-4TB,Phison E18,"Triple R5 + CoX, 8-ch, 4-CE/ch",Yes,N/A,Micron,TLC,176,7400/7000,High-End NVMe
MSI M482,x4 PCIe 4.0/NVMe,M.2,1TB-2TB,Phison E27T,"Single R5 + CoX, 4-CH, 4-CE/ch",No,Yes,Kioxia,TLC,162,7300/6400,Client
MSI M560,x4 PCIe 5.0/NVMe,M.2,1TB-2TB,Phison E31T,"Single R5 + CoX, 4-CH, 4-CE/ch",No,Yes,"Micron/Kioxia ( likely, as the controller is Phison)","Tri-Level MLC (likely, but not officially confirmed)",,,
MSI M570,x4 PCIe 5.0/NVMe,M.2,1TB-4TB,Phison E26,"Dual DC R5 + 3xCoX, 8-ch, 4-CE/ch",Yes,N/A,Micron,TLC,232,10000/10000,High-End NVMe
MSI M570 Pro,x4 PCIe 5.0/NVMe,M.2,1TB-4TB,Phison E26,"Dual DC R5 + 3xCoX, 8-ch, 4-CE/ch",Yes,N/A,Micron,TLC,232,12400/10000,High-End NVMe
MSI S270,SATA/AHCI,"2.5""",120GB-960GB,Phison S11,"Single-core, 2-ch, 8-CE/ch",No,N/A,Micron,TLC,,500/450,Entry-Level SATA
Mushkin Alpha,x4 PCIe 3.0/NVMe,M.2,4TB-8TB,Phison E12S,"Dual R5 + CoX, 8-ch, 4-CE/ch",Yes,No,Micron,QLC,96,3300/3000,Mid-Range NVMe
Mushkin CarbonX,USB 3.2 Gen 2x1,USB-C,500GB-2TB,SMI SM2263XT,"Dual-core, 4-ch, 4-CE/ch",No,N/A,Micron,MLC (Multi-Level Cell),96,1020/1000,Entry-Level NVMe
Mushkin DELTA,x4 PCIe 4.0/NVMe,M.2,1TB-4TB,Phison E16,"Dual R5 + CoX, 8-ch, 4-CE/ch",Yes,No,Micron,QLC,Triple,4975/3975,Mid-Range NVMe
Mushkin EON,x4 PCIe 4.0/NVMe,M.2,500GB-4TB,SMI SM2267,"DC (28nm R5), 4-ch, 8-CE/ch",Yes,No,Micron,Tri-Level Cell (TLC),Not specified,4000/3000,Consumer
Mushkin EON Pro,x4 PCIe 4.0/NVMe,M.2,Up to 16TB,SMI SM2264,"QC (12nm R8), 8-ch, 8-CE/ch",Yes,No,Micron,Tri-Level Cell (TLC),,6400/3900,
Mushkin Epsilon,PCIe 4.0 x4,M.2,"1TB, 2TB, 4TB",Phison E26,"Dual DC R5 + 3xCoX, 8-ch, 4-CE/ch",Yes,No,Micron,TLC,3D TLC,Up to 5000 MB/s read and 4800 MB/s write,High-End NVMe
Mushkin GAMMA,x4 PCIe 4.0/NVMe,M.2,1TB-4TB,Phison E18,"Triple R5 + CoX, 8-ch, 4-CE/ch",Yes,N/A,Micron,TLC,96,7175/6800,High-End NVMe
Mushkin Helix-L,x4 PCIe 3.0/NVMe,M.2,250GB-1TB,SMI SM2263XT,"Dual-core, 4-ch, 4-CE/ch",No,Yes,Micron,TLC,64,2110/1700,Entry-Level NVMe
Mushkin Helix-LT,x4 PCIe 3.0/NVMe,M.2,500GB,SMI SM2263XT,"Dual-core, 4-ch, 4-CE/ch",No,Yes,Intel,QLC,Triple-level cell (TLC),2100/850,Garbage
Mushkin Pilot,x4 PCIe 3.0/NVMe,M.2,120GB-2TB,SMI SM2262,"Dual-core, 8-ch, 4-CE/ch",Yes,No,Micron,TLC,64,2710/1775,Mid-Range NVMe
Mushkin Pilot-E,x4 PCIe 3.0/NVMe,M.2,500GB-2TB,SMI SM2262EN,"Dual-core, 8-ch, 4-CE/ch",Yes,No,Micron,TLC,96,3500/3100,Mid-Range NVMe
Mushkin Raw,SATA/AHCI,"2.5""",240GB-1TB,SMI SM2259XT,"Single-core, 4-ch, 4-CE/ch",No,N/A,Micron,TLC,96,560/510,Entry-Level SATA
Mushkin Redline Vortex,x4 PCIe 4.0/NVMe,M.2,512GB-2TB,Innogrit IG5236,"Quad-core, 8-ch, 4-CE/ch",Yes,N/A,Micron,TLC,176,7415/6800,High-End NVMe
Mushkin Reactor,SATA/AHCI,"2.5""",250GB-1TB,SMI SM2246EN,"Single-core, 4-ch, 8-CE/ch",Yes,N/A,Micron,MLC,N/A,560/460,Mid-Range SATA
Mushkin Reactor LT,SATA/AHCI,"2.5""",250GB-500GB,SMI SM2246EN,"Single-core, 4-ch, 8-CE/ch",Yes,N/A,Micron,MLC,N/A,560/305,Mid-Range SATA
Mushkin Source,SATA/AHCI,"2.5"" & M.2 (1TB)",250GB-2TB,SMI SM2258XT,"Single-core, 4-ch, 4-CE/ch",No,N/A,Micron,TLC,64,560/520,Entry-Level SATA
Mushkin Source II,SATA/AHCI,"2.5"" & M.2 (1TB)",250GB-2TB,SMI SM2259XT,"Single-core, 4-ch, 4-CE/ch",No,N/A,Micron,TLC,96,560/515,Entry-Level SATA
Mushkin Source Q,USB 3.2 Gen 2x1,USB-C,500GB-2TB,SMI SM2259XT,"Single-core, 4-ch, 4-CE/ch",No,N/A,Intel,QLC,64,560/515,Entry-Level SATA
Mushkin Tempest,x4 PCIe 3.0/NVMe,M.2,256GB-2TB,InnoGrit IG5216,"Dual-core, 4x4",No,Yes,,TLC,96+,3300/2900,Entry-Level NVMe
Mushkin Triactor 3DL,SATA/AHCI,"2.5""",80GB-1TB,SMI SM2258XT,"Single-core, 4-ch, 4-CE/ch",No,N/A,Micron,TLC,64,550/505,Entry-Level SATA
Mushkin Triactor 3DX,SATA/AHCI,"2.5""",120GB-1TB,SMI SM2258,"Single-core, 4-ch, 8-CE/ch",Yes,N/A,Micron,TLC,64,565/530,High-End SATA
Mushkin Vortex LX,x4 PCIe 4.0/NVMe,M.2,512GB-2TB,Innogrit IG5220,"Tri-core R5, 4x8",No,Yes,,TLC,,4985/4775,Mid-Range NVMe
Neo Forza NFP400,x4 PCIe 4.0/NVMe,M.2,1TB-4TB,Innogrit IG5236,"Quad-core, 4-Ch, 8-CE/ch",Yes,N/A,YMTC,TLC,128,7400/6800,High-End NVMe
Neo Forza NFP455,x4 PCIe 5.0/NVMe,M.2,1TB-2TB,Phison E26,"Dual DC R5 + 3xCoX, 8-ch, 4-CE/ch",Yes,N/A,Micron,TLC,232,10000/10000,High-End NVMe
Neo Forza NFP495,x4 PCIe 4.0/NVMe,M.2,1TB-4TB,TenaFe TC2201,"Dual Cortex-M7, 4-ch, 4-CE/ch",No,Yes,YMTC,TLC,232,7200/6500,High-End NVMe
Neo Forza Zion NFS01,SATA/AHCI,"2.5""",120GB-960GB,SMI SM2258XT,"Single-core, 4-ch, 4-CE/ch",No,N/A,Micron,TLC,64,560/520,Entry-Level SATA
Neo Forza Zion NFS06,SATA/AHCI,"2.5""",120GB-480GB,SMI SM2258,"Single-core, 4-ch, 8-CE/ch",Yes,N/A,Micron,TLC,64,560/510,High-End SATA
Netac Extreme Portable,SATA III,M.2 2280,Up to 1TB,Phison PS5003-E12,SLC + MLC,512MB,No,Micron,Tri-Level Cell (TLC),3D TLC,"Read: Up to 550 MB/s, Write: Up to 520 MB/s",
Netac NV3000,x4 PCIe 3.0/NVMe,M.2,250GB-1TB,Realtek RTS5766DL,4-Ch,No,Yes,YMTC,TLC,64/96+,3500/2100,Entry-Level NVMe
Netac NV5000,x4 PCIe 4.0/NVMe,M.2,500GB-2TB,Phison E16,"Dual R5 + CoX, 8-ch, 4-CE/ch",Yes,No,Kioxia,TLC,96,5000/4400,Mid-Range NVMe
Netac NV5000-t,x4 PCIe 4.0/NVMe,M.2,500GB-1TB,TenaFe TC2200,"Dual M7, 4x4",No,Yes,YMTC,TLC,128,4800/4600,Mid-Range NVMe
Netac NV7000,x4 PCIe 4.0/NVMe,M.2,1TB-4TB,Phison E18,"Triple R5 + CoX, 8-ch, 4-CE/ch",Yes,N/A,Micron,TLC,176,7200/6850,High-End NVMe
Netac NV7000-t,x4 PCIe 4.0/NVMe,M.2,512GB-2TB,,Dual-core,1GB,Yes,Kioxia (formerly Toshiba),Tri-Level,3D TLC,7300/6700,Consumer
Netac Portable,PCIe 3.0 x2,M.2 SATA,"250GB, 500GB, 1TB",Marvell 88SS1093,AHCI,512MB DDR3,No,Kioxia (formerly Toshiba),TLC,3D TLC,"Up to 520 MB/s read, 400 MB/s write",Client SSDs
Netac SA500,SATA/AHCI,"2.5""",120GB-1TB,SMI SM2259XT,"Single-core, 4-ch, 4-CE/ch",No,N/A,,TLC,,530/475,Entry-Level SATA
Nextorage NEM-PA,x4 PCIe 4.0/NVMe,M.2,1TB-2TB,Phison E18,"Triple R5 + CoX, 8-ch, 4-CE/ch",Yes,N/A,Micron,TLC,176,7000/6850,High-End NVMe
Nextorage NE5N,x4 PCIe 5.0/NVMe,M.2,1TB-2TB,Phison E26,"Dual DC R5 + 3xCoX, 8-ch, 4-CE/ch",Yes,N/A,Micron,TLC,232,Up to 7000 MB/s read and 6000 MB/s write,High-End NVMe
Nextorage NN5Pro,x4 PCIe 5.0/NVMe,M.2,1TB-2TB,Phison E26,"Dual DC R5 + 3xCoX, 8-ch, 4-CE/ch",Yes,N/A,Micron,TLC,232,12400/11800,High-End NVMe
Orico GV100,USB 3.2 Gen 2x1,USB-C,128GB-1TB,SMI SM2263XT,"Dual-core, 4-ch, 4-CE/ch",No,Yes,Micron,TLC,64,940/940,Entry-Level NVMe
Orico V500,x4 PCIe 3.0/NVMe,M.2,128GB-1TB,SMI SM2263XT,"Dual-core, 4-ch, 4-CE/ch",No,Yes,Micron,TLC,64,2070/1668,Entry-Level NVMe
Patriot Burst,SATA/AHCI,"2.5""",120GB-960GB,Phison S11,"Single-core, 2-ch, 8-CE/ch",No,N/A,Kioxia,TLC,64,560/540,Entry-Level SATA
Patriot Burst Elite,SATA/AHCI,"2.5""",120GB-1.92TB,SMI SM2259XT,"Single-core, 4-ch, 4-CE/ch",No,N/A,Intel,QLC,64,450/450,Entry-Level SATA
Patriot EVLVR 2,Thunderbolt 3,USB-C,Up to 2TB,Phison E12S,"Dual R5 + CoX, 8-ch, 4-CE/ch",Yes,No,Kioxia,TLC,64,2850/2600,Mid-Range NVMe
Patriot P200,SATA/AHCI,"2.5""",256GB-2TB,SMI SM2258XT,"Single-core, 4-ch, 4-CE/ch",No,N/A,Micron,TLC,64,530/460,Entry-Level SATA
Patriot P210,SATA/AHCI,"2.5""",Up to 2TB,SMI SM2259XT,"Single-core, 4-ch, 4-CE/ch",No,N/A,Micron,MLC (Multi-Level Cell),,520/430,Entry-Level SATA
Patriot P220,SATA/AHCI,"2.5""",Up to 4TB,Maxio MAS1102,"ARM, 2x8",No,N/A,YMTC,TLC,3D,MLC (Multi-Level Cell),Entry-Level SATA
Patriot P300,x4 PCIe 3.0/NVMe,M.2,128GB-2TB,Phison E13T,"Single-core, 4-ch, 8-CE/ch",No,Yes,Kioxia,TLC,96,2100/1650,Entry-Level NVMe
Patriot P310,x4 PCIe 3.0/NVMe,M.2,240GB-1.92TB,Phison E13T,"Single-core, 4-ch, 8-CE/ch",No,Yes,Micron,TLC,176,2100/1800,Entry-Level NVMe
Patriot P400,x4 PCIe 4.0/NVMe,M.2,512GB-2TB,InnoGrit IG5220,"Tri-core R5, 4x8",No,Yes,Micron,TLC,176,5000/4800,Mid-Range NVMe
Patriot P400 Lite,M.2,M.2,"240GB, 480GB",SMI SM2267XT,"Dual R5, 4x4",No,Yes,Kioxia (formerly Toshiba),TLC,,3500/2700,Entry-Level NVMe
Patriot PD573,x4 PCIe 5.0/NVMe,M.2,1TB-8TB,Maxio MAP1802,,No,Yes,Kioxia (formerly Toshiba),TLC,,14000/12000,High-End NVMe
Patriot PV553,x4 PCIe 5.0/NVMe,M.2,1TB-4TB,Phison E26,"Dual DC R5 + 3xCoX, 8-ch, 4-CE/ch",Yes,N/A,Micron,TLC,232,12400/11800,High-End NVMe
Patriot PXD,USB 3.2 Gen 2x1,USB-C,512GB-2TB,Phison E13T,"Single-core, 4-ch, 8-CE/ch",No,Yes,Kioxia,TLC,96,1000/1000,Entry-Level NVMe
Patriot Scorch,x2 PCIe 3.0/NVMe,M.2,128GB-512GB,Phison E8,"Dual-core, 4-ch, 8-CE/ch",Yes,No,Kioxia,TLC,64,1700/950,Entry-Level NVMe
Patriot Viper VP4100,x4 PCIe 4.0/NVMe,M.2,1TB-2TB,Phison E16,"Dual R5 + CoX, 8-ch, 4-CE/ch",Yes,No,Kioxia,TLC,96,4800/4000,Mid-Range NVMe
Patriot Viper VP4300,x4 PCIe 4.0/NVMe,M.2,1TB-2TB,InnoGrit IG5236,"Quad-core, 8-ch",Yes,N/A,Micron,TLC,96,7400/6800,High-End NVMe
Patriot Viper VP4300 Lite,x4 PCIe 4.0/NVMe,M.2,500GB-4TB,Maxio MAP1602,"ARM, 2x8",No,Yes,YMTC,TLC,232,7400/6400,Consumer
Patriot Viper VPN100,x4 PCIe 3.0/NVMe,M.2,256GB-2TB,Phison E12S,"Dual R5 + CoX, 8-ch, 4-CE/ch",Yes,No,Kioxia,TLC,64,3400/3000,Mid-Range NVMe
Patriot Viper VPN110,x4 PCIe 3.0/NVMe,M.2,512GB-2TB,Phison E12S,"Dual R5 + CoX, 8-ch, 4-CE/ch",Yes,No,Micron,TLC,3D,3300/3000,Mid-Range NVMe
Patriot Viper VPR100,x4 PCIe 3.0/NVMe,M.2,256GB-2TB,Phison E12S,"Dual R5 + CoX, 8-ch, 4-CE/ch",Yes,No,Kioxia,TLC,64,3300/2900,Mid-Range NVMe
Patriot Viper VPR400,x4 PCIe 4.0/NVMe,M.2,512GB-1TB,InnoGrit IG5220,"Tri-core R5, 4x8",No,Yes,Micron,TLC,176,5000/4600,Mid-Range NVMe
Patriot VP4000 Mini,x4 PCIe 4.0/NVMe,M.2,500GB-2TB,Phison E21T,"Single R5, 4-ch, 4-CE/ch",No,Yes,Micron,QLC,176,5000/3500,SATA III Compatible
Pioneer APS-SE20G,x4 PCIe 3.0/NVMe,M.2,256GB-2TB,Phison E12S,"Dual R5 + CoX, 8-ch, 4-CE/ch",Yes,No,Kioxia,TLC,64,3400/3000,Mid-Range NVMe
Pioneer APS-SE20Q,x4 PCIe 3.0/NVMe,M.2,500GB-2TB,Phison E12S,"Dual R5 + CoX, 8-ch, 4-CE/ch",Yes,No,Micron,QLC,96,3400/3000,Mid-Range NVMe
Pioneer APS-SL3,SATA/AHCI,"2.5""",240GB-1TB,Phison S11,"Single-core, 2-ch, 8-CE/ch",No,N/A,Kioxia,TLC,64,550/500,Entry-Level SATA
Pioneer XS03,USB 3.2 Gen 2x1,USB-C,"128GB, 256GB, 512GB",Phison PS5003,MLC (Multi-Level Cell) and SLC (Single-Level Cell) mix,1GB,"Yes, Hybrid Motion Governance technology for improved performance",Kioxia (formerly Toshiba Memory),Tri-Layer TLC (Three-Dimensional Triple-Level Cell),3D stacked,Read and Write speeds not publicly available,
Plextor M8V/M8VG,SATA/AHCI,"2.5"" & M.2",128GB-512GB,SMI SM2258,"Single-core, 4-ch, 8-CE/ch",Yes,N/A,Kioxia,TLC,64,560/520,Mid-Range SATA
Plextor M8V Plus,SATA/AHCI,"2.5"" & M.2",256GB-1TB,SMI SM2258,"Single-core, 4-ch, 8-CE/ch",Yes,N/A,Kioxia,TLC,96,560/520,High-End SATA
Plextor M9P+,x4 PCIe 3.0/NVMe,M.2 & AIC,256GB-1TB,Marvell 88SS1092,"Tri-core, 8-ch, 8-CE/ch",Yes,N/A,Kioxia,TLC,96,3400/2200,Mid-Range NVMe
Plextor M9PeY/G/GN,x4 PCIe 3.0/NVMe,M.2 & AIC,256GB-1TB,Marvell 88SS1093,"Tri-core, 8-ch, 8-CE/ch",Yes,N/A,Kioxia,TLC,64,3200/2100,Mid-Range NVMe
Plextor M10e,x4 PCIe 4.0/NVMe,M.2,256GB-1TB,SM2267XT,"Dual R5, 4x4",No,Yes,Kioxia,TLC,112,3700/2600,Entry-Level NVMe
Plextor M10P,x4 PCIe 4.0/NVMe,M.2 & AIC,512GB-2TB,InnoGrit IG5236,"Quad-core, 8-ch",Yes,N/A,Kioxia,TLC,96,7000/5000,High-End NVMe
Plextor S3C/G,SATA/AHCI,"2.5"" & M.2 (256GB)",128GB-512GB,SMI SM2254,"Single-core, 4-ch, 8-CE/ch",Yes,No,Hynix,TLC,N/A,550/500,Entry-Level SATA
PNY CS1030,x4 PCIe 3.0/NVMe,M.2,250GB-2TB,Phison E13T,"Single-core, 4-ch, 8-CE/ch",No,Yes,YMTC,TLC/QLC,64+,2100/1900,Entry-Level NVMe
PNY CS1031,x4 PCIe 3.0/NVMe,M.2,256GB-2TB,Phison E13T,"Single-core, 4-ch, 8-CE/ch",No,Yes,Micron,TLC,3D,2400/1750,Entry-Level NVMe
PNY CS1311,SATA/AHCI,"2.5""",120GB-2TB,Phison S10,"Quad-core, 8-ch, 4-CE/ch",Yes,N/A,Kioxia,TLC,64,550/520,Mid-Range SATA
PNY CS2040,SATA/AHCI,"2.5""",128GB-1TB,Phison S11,"Single-core, 2-ch, 8-CE/ch",No,N/A,Kioxia,TLC,64,560/540,Entry-Level SATA
PNY CS2130,x4 PCIe 3.0/NVMe,M.2,500GB-4TB,Phison E12S,"Dual R5 + CoX, 8-ch, 4-CE/ch",Yes,No,Intel,QLC,96,3500/3000,Mid-Range NVMe
PNY CS2140,x4 PCIe 4.0/NVMe,M.2,250GB-2TB,Phison E19T,"Single R5 + CoX, 4-ch, 8-CE/ch",No,Yes,Micron,TLC,176,3600/3200,Entry-Level NVMe
PNY CS2142,x4 PCIe 4.0/NVMe,M.2,1TB-2TB,Phison E21T,,No,Yes,Micron,QLC,176,5000/3200,High-Performance Storage
PNY CS2230,x4 PCIe 3.0/NVMe,M.2,500GB-1TB,Maxio MAP1202,"Dual R5, 4x4",No,Yes,Micron,TLC,176,3300/2600,Entry-Level NVMe
PNY CS2241,x4 PCIe 4.0/NVMe,M.2,500GB-4TB,Phison E21T,"Single R5, 4-ch, 4-CE/ch",No,Yes,Micron,TLC,176,5000/4200,Mid-Range NVMe
PNY CS2311,SATA/AHCI,"2.5""",250GB-2TB,Phison S12,"Quad-core, 8-ch, 4-CE/ch",Yes,N/A,Kioxia,TLC,64/96,550/500,Mid-Range SATA
PNY CS3030,x4 PCIe 3.0/NVMe,M.2,250GB-4TB,Phison E12S,"Dual R5 + CoX, 8-ch, 4-CE/ch",Yes,No,Kioxia,TLC,64,3500/3100,Mid-Range NVMe
PNY CS3040,x4 PCIe 4.0/NVMe,M.2,500GB-4TB,Phison E16,"Dual R5 + CoX, 8-ch, 4-CE/ch",Yes,No,Kioxia,TLC,96,5600/4300,Mid-Range NVMe
PNY CS3140,x4 PCIe 4.0/NVMe,M.2,1TB-8TB,Phison E18,"Triple R5 + CoX, 8-ch, 4-CE/ch",Yes,N/A,Micron,TLC,96,7500/6850,High-End NVMe
PNY CS3150,x4 PCIe 5.0/NVMe,M.2,1TB-2TB,Phison E26,"Dual DC R5 + 3xCoX, 8-ch, 4-CE/ch",Yes,N/A,Micron,TLC,232,12000/11000,High-End NVMe
PNY CS4040,x4 PCIe 4.0/NVMe,M.2,512GB-2TB,Phison E16,"Dual R5 + CoX, 8-ch, 4-CE/ch",Yes,No,Kioxia,TLC,96,4800/4000,Mid-Range NVMe
PNY CS900,SATA/AHCI,"2.5""",120GB-960GB,Phison S11,"Single-core, 2-ch, 8-CE/ch",No,N/A,Micron,TLC,64,550/515,Entry-Level SATA
PNY Elite,USB 3.2 Gen 1x1,USB-A,240GB-960GB,Phison S11,"Single-core, 2-ch, 8-CE/ch",No,N/A,Micron,TLC,64,430/400,Entry-Level SATA
PNY Pro Elite,USB 3.2 Gen 2x1,USB-C,250GB-1TB,Phison E8,"Dual-core, 4-ch, 8-CE/ch",Yes,No,Kioxia,TLC,64,880/900,Entry-Level NVMe
PNY Pro Elite 2,PCIe NVMe,M.2,"1TB, 2TB",Phison U17,SLC + MLC,No,N/A,Kioxia (formerly Toshiba),TLC,3D TLC,"Read: up to 5000 MB/s, Write: up to 3500 MB/s",Consumer SSD
PNY Pro EliteX-PRO,USB 3.2 Gen 2x2,USB-C,"1TB, 2TB, 4TB",Phison PS5018-E18,PCIe NVMe,LPDDR4,Not applicable (USB SSD),Kioxia (formerly Toshiba),Tri-Level TLC,MLC + SLC (hybrid),"Up to 2000 MB/s read, 1800 MB/s write","High-performance, USB-C, NVMe, Consumer-grade"
PNY RP60,USB 3.2 Gen 2x2,USB-C,1TB-2TB,Phison PS5016-T14,TLC (Tri-Level Cell),4GB,Not applicable (no Hybrid Memory Buffer),Micron,3D Tri-Level Cell (TLC),None specified,2000/1800,"Consumer, Mainstream"
Sabrent Rocket,x4 PCIe 3.0/NVMe,M.2,256GB-4TB,Phison E12S,"Dual R5 + CoX, 8-ch, 4-CE/ch",Yes,No,Kioxia,TLC,64,3400/3000,Mid-Range NVMe
Sabrent Rocket 2230,x4 PCIe 4.0/NVMe,M.2,256GB-2TB,Phison E21T,"Single R5, 4-ch, 4-CE/ch",No,Yes,Micron,TLC,176,4750/4300,Mid-Range NVMe
Sabrent Rocket 2242,x4 PCIe 3.0/NVMe,M.2,512GB-2TB,Phison E13T,"Single-core, 4-ch, 8-CE/ch",No,Yes,Kioxia,TLC,96,2500/2100,Entry-Level NVMe
Sabrent Rocket 4.0,x4 PCIe 4.0/NVMe,M.2,512GB-2TB,Phison E16,"Dual R5 + CoX, 8-ch, 4-CE/ch",Yes,No,Kioxia,TLC,96,5000/4400,Mid-Range NVMe
Sabrent Rocket 4 (New/4L),x4 PCIe 4.0/NVMe,M.2,1TB-2TB,Phison E27T,,No,Yes,Kioxia,TLC,162,7400/6400,
Sabrent Rocket 4 Plus,x4 PCIe 4.0/NVMe,M.2,500GB-2TB,Phison E18,"Triple R5 + CoX, 8-ch, 4-CE/ch",Yes,N/A,Micron,TLC,96,7000/6850,High-End NVMe
Sabrent Rocket 4 Plus (8TB),x4 PCIe 4.0/NVMe,M.2,8TB,Phison E18,"Triple R5 + CoX, 8-ch, 4-CE/ch",Yes,N/A,Kioxia,TLC,112,7400/6600,High-End NVMe
Sabrent Rocket 4 Plus-G,x4 PCIe 4.0/NVMe,M.2,1TB-4TB,Phison E18,"Triple R5 + CoX, 8-ch, 4-CE/ch",Yes,N/A,Micron,TLC,176,7000/6850,High-End NVMe
Sabrent Rocket 5,x4 PCIe 5.0/NVMe,M.2,1TB-8TB,Phison E26,"Dual DC R5 + 3xCoX, 8-ch, 4-CE/ch",Yes,N/A,Micron,TLC,232,"up to 7300 MB/s read, up to 6600 MB/s write",High-End NVMe
Sabrent Rocket Nano,USB 3.2 Gen 2x1,USB-C,512GB-2TB,Phison E13T,"Single-core, 4-ch, 8-CE/ch",No,Yes,Kioxia,TLC,64,1000/1000,Entry-Level NVMe
Sabrent Rocket Nano V2,USB 3.2 Gen 2x2,USB-C,1TB-4TB,Phison U18,"Single-CPU, 2-ch, 8-CE/ch",No,N/A,Hynix,TLC,128,1600/1600,Entry-Level NVMe
Sabrent Rocket Pro,USB 3.2 Gen 2x1,USB-C,256GB-4TB,Phison E12S,"Dual R5 + CoX, 8-ch, 4-CE/ch",Yes,No,Kioxia,TLC,64,1000/1000,Entry-Level NVMe
Sabrent Rocket Q,x4 PCIe 3.0/NVMe,M.2,500GB-8TB,Phison E12S,"Dual R5 + CoX, 8-ch, 4-CE/ch",Yes,No,Micron,QLC,96,3300/3000,Mid-Range NVMe
Sabrent Rocket Q4,x4 PCIe 4.0/NVMe,M.2,2TB-4TB,Phison E16,"Dual R5 + CoX, 8-ch, 4-CE/ch",Yes,No,Micron,QLC,96,4900/3500,Mid-Range NVMe
Samsung 860 EVO,SATA/AHCI,"2.5"" & M.2 (2TB)",250GB-4TB,Samsung MJX,"Tri-core, 8-ch, 8-CE/ch",Yes,N/A,Samsung,TLC,64,550/520,High-End SATA
Samsung 860 Pro,SATA/AHCI,"2.5""",256GB-4TB,Samsung MJX,"Tri-core, 8-ch, 8-CE/ch",Yes,N/A,Samsung,MLC,64,560/530,High-End SATA
Samsung 860 QVO,SATA/AHCI,"2.5""",1TB-4TB,Samsung MJX,"Tri-core, 8-ch, 8-CE/ch",Yes,N/A,Samsung,QLC,64,550/520,Entry-Level SATA
Samsung 870 EVO,SATA/AHCI,"2.5""",250GB-4TB,Samsung MKX,"Tri-core, 8-ch, 8-CE/ch",Yes,N/A,Samsung,TLC,128,560/530,High-End SATA
Samsung 870 QVO,SATA/AHCI,"2.5""",1TB-8TB,Samsung MKX,"Tri-core, 8-ch, 8-CE/ch",Yes,N/A,Samsung,QLC,9x,560/530,Entry-Level SATA
Samsung 960 EVO,x4 PCIe 3.0/NVMe,M.2,512GB-2TB,Samsung Polaris,"Penta-core, 8-ch, 8-CE/ch",Yes,No,Samsung,TLC,48,3200/1900,Mid-Range NVMe
Samsung 960 Pro,x4 PCIe 3.0/NVMe,M.2,250GB-2TB,Samsung Polaris,"Penta-core, 8-ch, 8-CE/ch",Yes,No,Samsung,MLC,48,3500/2100,Mid-Range NVMe
Samsung 970 EVO,x4 PCIe 3.0/NVMe,M.2,250GB-2TB,Samsung Phoenix,"Penta-core, 8-ch, 8-CE/ch",Yes,No,Samsung,TLC,64,3500/2500,Mid-Range NVMe
Samsung 970 EVO Plus,x4 PCIe 3.0/NVMe,M.2,250GB-2TB,Samsung Phoenix,"Penta-core, 8-ch, 8-CE/ch",Yes,No,Samsung,TLC,96 (92),3500/3300,Mid-Range NVMe
Samsung 970 Pro,x4 PCIe 3.0/NVMe,M.2,512GB-1TB,Samsung Phoenix,"Penta-core, 8-ch, 8-CE/ch",Yes,No,Samsung,MLC,64,3500/2700,Mid-Range NVMe
Samsung 980,x4 PCIe 3.0/NVMe,M.2,250GB-1TB,Samsung Pablo,"Cortex-R5, 4x4",No,Yes,Samsung,TLC,128,3500/3000,Entry-Level NVMe
Samsung 980 Pro,x4 PCIe 4.0/NVMe,M.2,250GB-2TB,Samsung Elpis,"Cortex-R8, 8x8",Yes,N/A,Samsung,TLC,128 (136),7000/5000,High-End NVMe
Samsung 990 EVO,x4 PCIe 4.0/NVMe,M.2,1TB-2TB,Samsung Piccolo,"Hexa-core R8 + R5, 4x4",No,Yes,Samsung,TLC,133,5000/4200,Mid-Range NVMe
Samsung 990 Pro,x4 PCIe 4.0/NVMe,M.2,1TB-4TB,Samsung Pascal,"Cortex-R8, 8x8",Yes,N/A,Samsung,TLC,176,7450/6900,High-End NVMe
Samsung T5,USB 3.2 Gen 2x1,USB-C,250GB-2TB,Samsung MGX,"Dual-core, 8-ch, 8-CE/ch",Yes,N/A,Samsung,TLC,64,540/?,High-End SATA
Samsung T5 EVO,USB 3.2 Gen 1x1,USB-C,2TB-8TB,Samsung MKX,"Tri-core, 8-ch, 8-CE/ch",Yes,N/A,Samsung,QLC,176,460/460,Entry-Level SATA
Samsung T7/T7 Touch/T7 Shield,USB 3.2 Gen 2x1,USB-C,500GB-2TB,Samsung Pablo,"Cortex-R5, 4x4",No,No,Samsung,TLC,96+,1050/1050,Entry-Level NVMe
Samsung T9,USB 3.2 Gen 2x2,USB-C,1TB-4TB,Samsung Pablo,"Cortex-R5, 4x4",No,Yes,Samsung,TLC,128,2000/2000,Consumer PCIe/NVMe SSD
Samsung X5,TB3,USB-C,500GB-2TB,Samsung Phoenix,"Penta-core, 8-ch, 8-CE/ch",Yes,No,Samsung,TLC,64,2800/2300,Mid-Range NVMe
SanDisk Extreme Pro NVMe,x4 PCIe 3.0/NVMe,M.2,500GB-1TB,WD Proprietary,"Tri-core, 8-ch, 8-CE/ch",Yes,No,SanDisk,TLC,64,3400/2800,High-End NVMe
SanDisk Extreme Pro NVMe v2,x4 PCIe 3.0/NVMe,M.2,1TB-2TB,WD Proprietary,"Tri-core, 8-ch, 8-CE/ch",Yes,No,SanDisk,TLC,96,2000/2000,Mid-Range NVMe
SanDisk Extreme Port.,USB 3.2 Gen 2x1,USB-C,250GB-2TB,Marvell 88SS1074,"Dual-core, 4-ch, 8-CE/ch",Yes,N/A,SanDisk,TLC,64,550/?,High-End SATA
SanDisk Extreme Port. V2,USB 3.2 Gen 2x2,USB-C,500GB-4TB,WD Proprietary,"Tri-core, 4-ch, 8-CE/ch",No,N/A,SanDisk,TLC,96,1050/1050,Entry-Level NVMe
SanDisk Extreme PRO Port. V2,USB 3.2 Gen 2x2,USB-C,1TB-4TB,WD Proprietary,"Tri-core, 4-ch, 8-CE/ch",Yes,N/A,SanDisk,TLC,96,2000/2000,Entry-Level NVMe
SanDisk Pro-G40,TB3,USB-C,1TB-2TB,WD Proprietary,"Tri-core, 4-ch, 8-CE/ch",Yes,N/A,SanDisk,TLC,96,2700/1050,Mid-Range NVMe
SanDisk SSD Plus,SATA/AHCI,"2.5""",120GB-2TB,SMI SM2256S,"Single-core, 4-ch, 8-CE/ch",No,N/A,SanDisk/Kioxia,TLC,N/A,545/450,Entry-Level SATA
SanDisk SSD Plus (NVMe),x4 PCIe 3.0/NVMe,M.2,250GB-2TB,WD Proprietary,,No,Yes,SanDisk,TLC (Triple-Level Cell),112,3200/3000,Entry-Level NVMe
SanDisk Ultra,x4 PCIe 3.0/NVMe,M.2,250GB-1TB,WD Proprietary,"Tri-core, 4-ch, 8-CE/ch",No,Yes,SanDisk,TLC,96,2400/1950,Entry-Level NVMe
SanDisk Ultra 3D,SATA/AHCI,"2.5""",250GB-2TB,Marvell 88SS1074,"Dual-core, 4-ch, 8-CE/ch",Yes,N/A,SanDisk,TLC,64,550/525,High-End SATA
Seagate 520N,x4 PCIe 4.0/NVMe,M.2,1TB-2TB,,,8GB,Yes,Micron,Tri-Level TLC,3D TLC,5000/4800,Mid-Range NVMe
Seagate BarraCuda,SATA/AHCI,"2.5""",250GB-2TB,Phison S10,"Quad-core, 8-ch, 4-CE/ch",Yes,N/A,Kioxia,TLC,64,560/540,Mid-Range SATA
Seagate BarraCuda 120,SATA/AHCI,"2.5""",250GB-2TB,Phison S12,"Dual-R5 + CoX, 8x8",Yes,N/A,,TLC,96,560/540,High-End SATA
Seagate BarraCuda 510,x4 PCIe 3.0/NVMe,M.2,256GB-512GB,Phison E12S,"Dual R5 + CoX, 8-ch, 4-CE/ch",Yes,No,Kioxia,TLC,64,3400/2180,Mid-Range NVMe
Seagate Fast SSD,USB 3.2 Gen 2x1,USB-C,512GB-2TB,Phison S10,"Quad-core, 8-ch, 4-CE/ch",Yes,N/A,Micron,TLC,96,540/500,Mid-Range SATA
Seagate FireCuda 510,x4 PCIe 3.0/NVMe,M.2,1TB-2TB,Phison E12S,"Dual R5 + CoX, 8-ch, 4-CE/ch",Yes,No,Kioxia,TLC,64,3450/3200,Mid-Range NVMe
Seagate FireCuda 520,x4 PCIe 4.0/NVMe,M.2,500GB-2TB,Phison E16,"Dual R5 + CoX, 8-ch, 4-CE/ch",Yes,No,Kioxia,TLC,96,5500/4400,Mid-Range NVMe
Seagate FireCuda 530,x4 PCIe 4.0/NVMe,M.2,500GB-4TB,Phison E18,"Triple R5 + CoX, 8-ch, 4-CE/ch",Yes,N/A,Micron,TLC,176,7300/6900,High-End NVMe
Seagate FireCuda 540,x4 PCIe 5.0/NVMe,M.2,1TB-4TB,Phison E26,"Dual DC R5 + 3xCoX, 8-ch, 4-CE/ch",Yes,N/A,Micron,TLC,232,10000/10000,High-End NVMe
Seagate Game Drive PS5,x4 PCIe 4.0/NVMe,M.2,1TB-2TB,Phison E18,"Triple R5 + CoX, 8-ch, 4-CE/ch",512MB,Yes,Kioxia (formerly Toshiba),BiCS3,112-layer,Up to 5000/3000 MB/s read/write,Gaming SSD
Seagate One Touch SSD,USB 3.2 Gen 1x1,USB-C,500GB-1TB,Phison S10,"Quad-core, 8-ch, 4-CE/ch",Yes,N/A,Kioxia,TLC,64,400/400,Mid-Range SATA
Seagate One Touch SSD NVMe,USB 3.2 Gen 2x1,USB-C,500GB-2TB,,SATA/NVMe,,,Kioxia (formerly Toshiba),TLC (Tri-Level Cell),MLC (Multi-Level Cell) + SLC (Single-Level Cell),1030/1030,Entry-Level NVMe
Seagate BarraCuda Q1,SATA/AHCI,"2.5""",240GB-960GB,Phison S11,"Single-core, 2-ch, 8-CE/ch",No,N/A,Micron,QLC,3D TLC (Tri-Level Cell),550/500,Entry-Level SATA
Seagate BarraCuda Q5,x4 PCIe 3.0/NVMe,M.2,500GB-2TB,Phison E13T,"Single-core, 4-ch, 8-CE/ch",No,Yes,Intel,QLC,96,2400/1800,Entry-Level NVMe
Silicon Power A55/S55,SATA/AHCI,"2.5"" & M.2",60GB-1TB,SMI SM2258XT,"Single-core, 4-ch, 4-CE/ch",No,N/A,Micron,TLC,64,560/530,Entry-Level SATA
Silicon Power A58,SATA/AHCI,"2.5""",128GB-512GB,Phison S11,"Single-core, 2-ch, 8-CE/ch",No,N/A,Kioxia,TLC,64,480/510,Entry-Level SATA
Silicon Power Bolt B75 Pro,USB 3.2 Gen 2x1,USB-C,250GB-2TB,Phison S11,"Single-core, 2-ch, 8-CE/ch",No,N/A,Kioxia,TLC,64,520/420,Entry-Level SATA
Silicon Power DS72,USB 3.2 Gen 2x1,USB-C,250GB-1TB,PHISON S11,,512MB,N/A,Kioxia (formerly Toshiba),BiCS3,48,1050/850,
Silicon Power MS70,USB 3.2 Gen 2x1,USB-A,250GB-2TB,,,,,Toshiba,TLC,3D,1050/850,
Silicon Power P32A80,x2 PCIe 3.0/NVMe,M.2,128GB-512GB,Phison E8T,"Dual-core, 4-ch, 8-CE/ch",No,Yes,Kioxia,TLC,64,1600/1000,Entry-Level NVMe
Silicon Power P34A60,x4 PCIe 3.0/NVMe,M.2,256GB-2TB,SM2263XT,"Dual-core, 4-ch, 4-CE/ch",No,Yes,Micron/Kioxia,TLC,96,2200/1600,Entry-Level NVMe
Silicon Power P34A80,x4 PCIe 3.0/NVMe,M.2,256GB-1TB,Phison E12S,"Dual R5 + CoX, 8-ch, 4-CE/ch",Yes,No,Kioxia,TLC,64,3200/3000,Mid-Range NVMe
Silicon Power PC60,USB 3.2 Gen 2x1,USB-C,1.92TB,SM2259XT,"Single-core, 4-ch, 4-CE/ch",No,N/A,Micron,TLC,96,540/500,Entry-Level SATA
Silicon Power PX10,USB 3.2 Gen 2x1,USB-C,512GB-4TB,SLC-NAND,,1GB,,Micron,SLC,,1050/1050,"Performance, Storage"
Silicon Power UD70,x4 PCIe 3.0/NVMe,M.2,500GB-2TB,Phison E12S,"Dual R5 + CoX, 8-ch, 4-CE/ch",Yes,No,Micron,QLC,96,3400/3000,Mid-Range NVMe
Silicon Power UD80,x4 PCIe 3.0/NVMe,M.2,250GB-2TB,Innogrit IG5216,"Dual-core, 4x4",No,Yes,Micron,TLC,,3400/3000,Entry-Level NVMe
Silicon Power UD85,x4 PCIe 4.0/NVMe,M.2,250GB-2TB,Phison E19T,"Single R5 + CoX, 4-ch, 8-CE/ch",No,Yes,YMTC,TLC,3D TLC,3600/2800,Entry-Level NVMe
Silicon Power UD90,x4 PCIe 4.0/NVMe,M.2,250GB-4TB,Phison E21T,"Single R5, 4-ch, 4-CE/ch",No,Yes,Micron,TLC,176,4800/4200,Mid-Range NVMe
Silicon Power UD90 2230,x4 PCIe 4.0/NVMe,M.2,500GB-2TB,Phison E21T,"Single R5, 4-ch, 4-CE/ch",No,Yes,Micron,QLC,176,5000/3200,Mid-Range NVMe
Silicon Power US70,x4 PCIe 4.0/NVMe,M.2,1TB-2TB,Phison E16,"Dual R5 + CoX, 8-ch, 4-CE/ch",Yes,No,Kioxia,TLC,96,5000/4400,Mid-Range NVMe
Silicon Power US75,x4 PCIe 4.0/NVMe,M.2,500GB-4TB,Maxio MAP1602,"R5, 4x8",No,Yes,YMTC,TLC,232,7000/6500,MLC (Multi-Level Cell)
Silicon Power US85,x4 PCIe 5.0/NVMe,M.2,"1TB, 2TB, 4TB",Phison PS5018-E18,PCIe NVMe,16GB LPDDR5,Yes,Kioxia (formerly Toshiba),TLC (Tri-Level Cell),3D Triple-Layered NAND,12000/10000,High-End NVMe
Silicon Power XD80,x4 PCIe 3.0/NVMe,M.2,256GB-2TB,Phison E12S,"Dual R5 + CoX, 8-ch, 4-CE/ch",Yes,No,Kioxia,TLC,96,3400/3000,Mid-Range NVMe
Silicon Power XS80,x4 PCIe 5.0/NVMe,M.2,1TB-2TB,Phison E26,"Dual DC R5 + 3xCoX, 8-ch, 4-CE/ch",Yes,N/A,Micron,TLC,232,10000/10000,High-End NVMe
Silicon Power XS70,x4 PCIe 4.0/NVMe,M.2,1TB-4TB,Phison E18,"Triple R5 + CoX, 8-ch, 4-CE/ch",Yes,N/A,Micron,TLC,176,7300/6800,High-End NVMe
Solidigm P41 Plus,x4 PCIe 4.0/NVMe,M.2,512GB-2TB,SMI SM2269XT,"Dual-core R8, 4-ch",No,Yes,Solidigm,QLC,144,4125/3325,Entry-Level NVMe
Solidigm P42 Plus,x4 PCIe 4.0/NVMe,M.2,1TB-4TB,SMI SM2269XT,"Dual-core R8, 4-ch",No,Yes,Solidigm,QLC,192,"Read: up to [insert value] MB/s, Write: up to [insert value] MB/s",
Solidigm P44 Pro,x4 PCIe 4.0/NVMe,M.2,512GB-2TB,Aries,"R8 + M7 + 2xR8, 8x4",Yes,No,Hynix,TLC,176,7000/6500,High-End NVMe
TC Sunbow X3,SATA/AHCI,"2.5""",60GB-1TB,SMI SM2258,"Single-core, 4-ch, 8-CE/ch",?,N/A,Micron,TLC,64,560/510,Mid-Range SATA
Team Cardea II,x4 PCIe 3.0/NVMe,M.2,256GB-1TB,Phison E12S,"Dual R5 + CoX, 8-ch, 4-CE/ch",Yes,No,Micron,TLC,64,3400/3000,Mid-Range NVMe
Team Cardea A440,x4 PCIe 4.0/NVMe,M.2,1TB-2TB,Phison E18,"Triple R5 + CoX, 8-ch, 4-CE/ch",Yes,N/A,Micron,TLC,96,7000/6900,High-End NVMe
Team Cardea A440 Lite,x4 PCIe 4.0/NVMe,M.2,Up to 16TB (assuming it's a high-capacity SSD),Phison E27T,"Single R5 + CoX, 4-CH, 4-CE/ch",No,Yes,Kioxia,TLC,162,7400/6400,High-Capacity Consumer SSD
Team Cardea A440 Pro,x4 PCIe 4.0/NVMe,M.2,1TB-4TB,Phison E18,"Triple R5 + CoX, 8-ch, 4-CE/ch",Yes,N/A,Micron,TLC,176,7400/7000,High-End NVMe
Team Cardea Ceramic C440,x4 PCIe 4.0/NVMe,M.2,1TB-2TB,Phison E16,"Dual R5 + CoX, 8-ch, 4-CE/ch",Yes,No,Kioxia,TLC,96,5000/4400,Mid-Range NVMe
Team IOPS,x4 PCIe 3.0/NVMe,M.2,1TB,,,Yes,No,Micron,TLC,,3400/3000,Mid-Range NVMe
Team Cardea Liquid,x4 PCIe 3.0/NVMe,M.2,256GB-1TB,Phison E12S,"Dual R5 + CoX, 8-ch, 4-CE/ch",Yes,No,Kioxia,TLC,64,3400/3000,Mid-Range NVMe
Team Cardea Z44Q,x4 PCIe 4.0/NVMe,M.2,2TB-4TB,Phison E16,"Dual R5 + CoX, 8-ch, 4-CE/ch",Yes,No,Intel,QLC,96,5000/4000,Mid-Range NVMe
Team Cardea Zero,x4 PCIe 4.0/NVMe,M.2,256GB-1TB,Phison E16,"Dual R5 + CoX, 8-ch, 4-CE/ch",Yes,No,Kioxia,TLC,96,4800/4000,Mid-Range NVMe
Team Cardea Zero Z330,x4 PCIe 3.0/NVMe,M.2,512GB-2TB,Phison E13T,"Single-core, 4-ch, 8-CE/ch",No,Yes,Kioxia,TLC,64/96,2100/1700,Entry-Level NVMe
Team Cardea Zero Z440,x4 PCIe 4.0/NVMe,M.2,1TB-2TB,Phison E16,"Dual R5 + CoX, 8-ch, 4-CE/ch",Yes,No,Kioxia,TLC,96,5000/4400,Mid-Range NVMe
Team Delta RGB,SATA/AHCI,"2.5""",250GB-1TB,SMI SM2258,"Single-core, 4-ch, 8-CE/ch",Yes,N/A,Micron,TLC,32/64,560/510,Mid-Range SATA
Team Delta TUF,SATA/AHCI,"2.5""",500GB-1GB,,,,,,,,560/510,SSD
Team AX1,SATA/AHCI,"2.5""",240GB-960GB,SMI (Serial Memory Interface),,None,None,Kioxia (formerly Toshiba),TLC (Tri-Level Cell),MLC (Multi-Level Cell) + SLC (Single-Level Cell),540/490,Mainstream SSD
Team AX2,SATA/AHCI,"2.5""",256GB-2TB,,"Single-core, 4-ch, 4-CE/ch",,,,,,540/490,Consumer SSD
Team EX2,SATA/AHCI,"2.5""",512GB-2TB,SMI SM2258XT,"Single-core, 4-ch, 4-CE/ch",No,N/A,Hynix,TLC,72,550/520,Entry-Level SATA
Team CX1,SATA/AHCI,"2.5""",240GB-960GB,Phison PS5007-E7 (or similar),MLC/TurboWrite/DevSleep,LPDDR3,None,Micron/Intel,MLC/TLC,64-layer/96-layer,"up to 560 MB/s read, 530 MB/s write",Consumer/Solid-State Drive
Team CX2,SATA/AHCI,"2.5""",256GB-2TB,SMI SM2258XT,"Single-core, 4-ch, 4-CE/ch",No,N/A,Micron,TLC,64,540/490,Entry-Level SATA
Team GE Pro,x4 PCIe 5.0/NVMe,M.2,Up to 2048GB (2TB),InnoGrit IG5666,,Yes,No,Micron,TLC,232,14000/11800,High-End NVMe
Team G50,x4 PCIe 4.0/NVMe,M.2,512GB-2TB,,"Quad-core, 8-ch",No,Yes,Kioxia (formerly Western Digital),,,5000/4800,Mid-Range NVMe
Team G50 PRO,x4 PCIe 4.0/NVMe,M.2,512GB-2TB,InnoGrit IG5236,"Quad-core, 8-ch",Yes,N/A,Kioxia (formerly Toshiba),BiCS4,3D,5000/4800,Mid-Range NVMe
Team G70,x4 PCIe 4.0/NVMe,M.2,512GB-4TB,Phison E18,"Quad-core, 8-ch",No,Yes,Kioxia (formerly Toshiba),Tri-Level Cell (TLC),3D,7400/6800,High-End NVMe
Team G70 PRO,x4 PCIe 4.0/NVMe,M.2,512GB-4TB,InnoGrit IG5236,"Quad-core, 8-ch",Yes,N/A,unknown (not specified),unknown (not specified),unknown (not specified),7400/6800,High-End NVMe
Team GX1,SATA/AHCI,"2.5""",120GB-960GB,Phison S11,"Single-core, 2-ch, 8-CE/ch",No,N/A,SanDisk/Kioxia,TLC,64,530/480,Entry-Level SATA
Team GX2,SATA/AHCI,"2.5""",128GB-2TB,SMI SM2258XT,"Single-core, 4-ch, 4-CE/ch",No,N/A,Micron,TLC,64,550/500,Entry-Level SATA
Team I54,x4 PCIe 5.0/NVMe,M.2,,Marvell,,,,Micron,Tri-Level Cell (TLC),3D TLC,,
Team L3 EVO,SATA/AHCI,"2.5""",120GB-960GB,Phison S11,"Single-core, 2-ch, 8-CE/ch",No,N/A,Kioxia,TLC,64,530/500,Entry-Level SATA
Team L5 Lite (2D),SATA/AHCI,"2.5""",60GB-1TB,SMI SM2256S,"Single-core, 4-ch, 8-CE/ch",No,N/A,Micron,TLC,N/A,530/480,Garbage
Team L5 Lite 3D,SATA/AHCI,"2.5""",120GB-1TB,SMI SM2258,"Single-core, 4-ch, 8-CE/ch",Yes,N/A,Varies,TLC,32/64,500/480,Mid-Range SATA
Team MP32,x2 PCIe 3.0/NVMe,M.2,128GB-1TB,Phison E8,"Dual-core, 4-ch, 8-CE/ch",Yes,No,Kioxia,TLC,64,1550/950,Entry-Level NVMe
Team MP33,x4 PCIe 3.0/NVMe,M.2,128GB-2TB,Phison E13T,"Single-core, 4-ch, 8-CE/ch",No,Yes,Kioxia,TLC,64/96,1800/1500,Entry-Level NVMe
Team MP33 Pro,x4 PCIe 3.0/NVMe,M.2,512GB-2TB,SMI SM2263XT,"Dual-core, 4-ch, 4-CE/ch",No,Yes,Micron,TLC,96,2100/1700,Entry-Level NVMe
Team MP33Q,x4 PCIe 3.0/NVMe,M.2,512GB-2TB,SMI SM2263XT,"Dual-core, 4-ch, 4-CE/ch",No,Yes,Micron,QLC,5,2500/2100,Entry-Level NVMe
Team MP34,x4 PCIe 3.0/NVMe,M.2,256GB-4TB,Phison E12S,"Dual R5 + CoX, 8-ch, 4-CE/ch",Yes,No,Kioxia,TLC,64,3500/2900,Mid-Range NVMe
Team MP34S,x4 PCIe 4.0/NVMe,M.2,512GB-1TB,,,16GB (assuming a high-end SSD with DRAM),Yes (assuming an enterprise-class SSD with HMB),Kioxia (formerly Toshiba),BiCS4,3D flash memory (BiCS4 is a type of 3D NAND),2500/2200,Entry-Level NVMe
Team MP34Q,x4 PCIe 3.0/NVMe,M.2,2TB-8TB,Phison E12S,"Dual R5 + CoX, 8-ch, 4-CE/ch",Yes,N/A,Intel,QLC,96,3400/3000,Mid-Range NVMe
Team MP44,x4 PCIe 4.0/NVMe,M.2,512GB-8TB,Maxio MAP1602,,No,Yes,YMTC,TLC,232,7400/6900,High-End NVMe
Team MP44L,x4 PCIe 4.0/NVMe,M.2,250GB-2TB,Phison E21T,"Single R5, 4-ch, 4-CE/ch",No,Yes,Micron,TLC,176,5000/4500,Mid-Range NVMe
Team MP44S,x4 PCIe 4.0/NVMe,M.2,1TB-2TB,,,8GB,Yes,Kioxia (formerly Toshiba),Tri-Level Cell (TLC),3D TLC,5000/3500,Mid-Range NVMe
Team MP44Q,x4 PCIe 4.0/NVMe,M.2,1TB-4TB,Maxio MAP1602,"R5, 4x8",No,Yes,YMTC,QLC,232,7400/6500,Mid-Range NVMe
Team MS30,SATA/AHCI,M.2,128GB-1TB,SMI SM2258XT,"Single-core, 4-ch, 4-CE/ch",No,N/A,Micron,TLC,64,530/480,Entry-Level SATA
Team PD400,USB 3.2 Gen 1x1,USB-C,240GB-960GB,SMI SM2258,"Single-core, 4-ch, 8-CE/ch",Yes,N/A,Micron,TLC,,430/420,Mid-Range SATA
Team PD1000,USB 3.2 Gen 2x1,USB-C,512GB-1TB,SMI SM2263XT,"Dual-core, 4-ch, 4-CE/ch",No,No,,TLC,3D,1000/950,Entry-Level NVMe
Team QX,SATA/AHCI,"2.5""",512GB-4TB,Silicon Motion SM2263,,1GB,N/A (not applicable),Kioxia (formerly Toshiba),Tri-Level Cell (TLC),64L,560/500,
Team T-Create CinemaPr P31,SATA III,M.2 NVMe,"512GB, 1TB, 2TB",WD,PCIe 3.0 x4,256MB,N/A,Kioxia (formerly Toshiba),TLC (Triple-Level Cell),96 layers,"Read: 3500 MB/s, Write: 3000 MB/s",Consumer SSD
Team T-Create Classic (NVMe),x4 PCIe 3.0/NVMe,M.2,1TB-2TB,Realtek RTS5763DL,"Dual-core, 4-ch, 8-CE/ch",No,Yes,Kioxia,TLC,96,2100/1700,Entry-Level NVMe
Team T-Create Classic (NVMe 2),x4 PCIe 4.0/NVMe,M.2,1TB-2TB,Phison E16,"Dual R5 + CoX, 8-ch, 4-CE/ch",Yes,N/A,Kioxia,TLC,96,5000/4400,Mid-Range NVMe
Team T-Create Classic PCIe 4.0 DL,x4 PCIe 4.0/NVMe,M.2,1TB-2TB,,,No,Yes,Micron,TLC,,5000/4500,Mid-Range NVMe
Team T-Create Classic (SATA),SATA/AHCI,"2.5""",1TB,Marvell,None,Yes,N/A,Micron,TLC,3D,550/520,Consumer
Team T-Create Classic (TB3),TB3,TB3,1TB-4TB,Phison PS5012-E12,,Yes,N/A,Kioxia (formerly Toshiba),BiCS5,,2700,
Team T-Create Classic C43,x4 PCIe 4.0/NVMe,M.2,512GB-2TB,Phison E16,,None,None,Kioxia,TLC,3D,3500/3200,Entry-Level Nvme
Team T-Create Classic C45,x4 PCIe 4.0/NVMe,M.2,512GB-2TB,,Dual-core NVMe controller,,No,Kioxia (formerly Toshiba),BiCS5 3D NAND,8-layer,5000/4500,Mid-Range NVMe
Team T-Create Classic C47,x4 PCIe 4.0/NVMe,M.2,512GB-4TB,,,None (common for high-end NVMe SSDs),None (not applicable for this model),"Not specified, but likely a high-quality brand such as Micron or Western Digital","Triple-level cell (TLC) or quad-level cell (QLC), depending on the specific capacity and performance level","Not specified, but typical for M.2 NVMe SSDs with 3D NAND flash memory",7400/7000,High-End NVMe
Team T-Create Expert,x4 PCIe 3.0/NVMe,M.2,1TB-2TB,SMI SM2262EN,"Dual-core, 8-ch, 4-CE/ch",Yes,N/A,Micron,TLC,64,3400/3000,High-End NVMe
Team Vulcan,SATA/AHCI,"2.5""",250GB-1TB,SMI SM2258,"Single-core, 4-ch, 8-CE/ch",Yes,N/A,Micron,TLC,64,560/510,High-End SATA
Team Vulcan G,SATA/AHCI,"2.5""",512GB-1TB,SMI SM2258XT,"Single-core, 4-ch, 4-CE/ch",No,N/A,Kioxia,TLC,64+,550/500,Entry-Level SATA
Team Vulcan Z,SATA/AHCI,"2.5""",240GB-2TB,SMI SM2259XT,"Single-core, 4-ch, 4-CE/ch",No,N/A,Kioxia,TLC,,550/500,Entry-Level SATA
Team Vulzan Z QLC,SATA/AHCI,"2.5""",2TB-4TB,,,No,N/A,Kioxia (formerly Toshiba),QLC,3D NAND,550/510,Entry-Level SATA
Team Z330,x4 PCIe 3.0/NVMe,M.2,256GB-1TB,Phison E13T,"Single-core, 4-ch, 8-CE/ch",No,Yes,Kioxia,TLC,64/96,2100/1700,Entry-Level NVMe
Team Z340,x4 PCIe 3.0/NVMe,M.2,256GB-1TB,SMI SM2262EN,"Dual-core, 8-ch, 4-CE/ch",Yes,No,Micron,TLC,,3400/3000,Mid-Range NVMe
Team Z440,x4 PCIe 4.0/NVMe,M.2,1TB-2TB,Phison E16,"Dual R5 + CoX, 8-ch, 4-CE/ch",Yes,No,Kioxia,TLC,96,5000/4400,Mid-Range NVMe
Team Z440 Lite,M.2 NVMe,M.2,"250GB, 500GB, 1TB, 2TB",Phison PS5016-E16,,None,4GB,Kioxia (formerly Toshiba),TLC,3D,Read-Write,"SSD, NVMe"
Team Z44A5,x4 PCIe 4.0/NVMe,M.2,512GB-2TB,Maxio MAP1602,,No,Yes,Hynix,TLC,176,5000/4500,"Enterprise, Client"
Team Z44L,x4 PCIe 4.0/NVMe,M.2,250GB-1TB,Phison E19T,"Single R5 + CoX, 4-ch, 8-CE/ch",No,Yes,SanDisk,TLC,96,3500/3000,Entry-Level NVMe
Team Z44Q,x4 PCIe 4.0/NVMe,M.2,2TB-4TB,Phison E16,"Dual R5 + CoX, 8-ch, 4-CE/ch",Yes,No,Intel,QLC,96,5000/3700,Mid-Range NVMe
Team Z540,x4 PCIe 5.0/NVMe,M.2,1TB-4TB,Phison E26,"Dual DC R5 + 3xCoX, 8-ch, 4-CE/ch",Yes,N/A,Micron,TLC,232,12000/10000,High-End NVMe
Team Z54A,x4 PCIe 5.0/NVMe,M.2,1TB-4TB,InnoGrit IG5666,,Yes,No,Micron,TLC,232,14000/11000,High-End NVMe
Toshiba/Kioxia RC500,x4 PCIe 3.0/NVMe,M.2,250GB-500GB,Phison E12S,"Dual R5 + CoX, 8x4",Yes,N/A,Kioxia,TLC,96,1700/1600,Entry-Level NVMe
Toshiba/Kioxia RD500,x4 PCIe 3.0/NVMe,M.2,500GB-2TB,Phison E12S,"Dual R5 + CoX, 8x4",Yes,N/A,Kioxia,TLC,96,3400/3200,Mid-Range NVMe
Toshiba/Kioxia TR200,SATA/AHCI,"2.5""",240GB-960GB,Phison S11,"Single-core, 2-ch, 8-CE/ch",No,N/A,Kioxia,TLC,64,555/540,Entry-Level SATA
Transcend ESD310C,USB 3.2 Gen 2x1,USB-C,"256GB, 512GB, 1024GB (1TB)",SMI SM2620,PCIe NVMe,256MB,None,Micron,3D TLC,32,Up to 1000/800 MB/s (Read/Write),Consumer SSD
Transcend ESD350C,USB 3.2 Gen 2x1,USB-C,240GB-960GB,SMI SM2263XT,"Dual-core, 4-ch, 4-CE/ch",No,No,Micron,TLC,64,1050/950,Entry-Level NVMe
Transcend ESD360C,"PCIe 3.0 x4, SATA III (6Gb/s)","M.2 (2280), Half-Height, Half-Length (HHHL) U.2","250GB, 500GB, 1TB, 2TB",Marvell 88SS1093 (SATA) or Phison PS5018-E18 (PCIe),"AHCI, NCQ","512MB DDR4 (Marvell), 1GB GDDR5 (Phison)",Not applicable (no High-Bandwidth Memory),Kioxia (formerly Toshiba) or Micron,Tri-Level Cell (TLC) or Multi-Level Cell (MLC),3D TLC or MLC NAND Flash,"Up to 500MB/s read, up to 400MB/s write (SATA); up to 3500MB/s read, up to 3000MB/s write (PCIe)","Consumer, Enterprise"
Transcend E410C,SATA III,M.2 2280,"250GB, 500GB, 1TB",Phison PS3116-S10,NVMe SSD,None,N/A,Kioxia (formerly Toshiba),BiCS4,3D flash memory,"Read: up to 3200 MB/s, Write: up to 3000 MB/s",Consumer-grade SSD
Transcend MSA452T2,SATA/AHCI,mSATA,64GB-1TB,Marvell 88SS9190,,Yes,N/A,Micron,TLC,,560/520,High-End SATA
Transcend MTE310S,x4 PCIe 4.0/NVMe,M.2,512GB-1TB,Phison PS5026-E26,,,,Kioxia (formerly Toshiba),BiCS5 3D TLC,4 layers,5000/3500,
Transcend MTE400S,x4 PCIe 3.0/NVMe,M.2,256GB-1TB,SMI SM2263XTV,"Dual-core, 4-ch, 4-CE/ch",No,Yes,Micron,TLC,3D TLC,2000/1700,Entry-Level NVMe
Transcend MTS552T2,SATA/AHCI,M.2,64GB-512GB,,,Yes,N/A,Toshiba,TLC,,560/510,High-End SATA
Transcend MTE652T2,x4 PCIe 3.0/NVMe,M.2,128GB-512GB,,,Yes,No,Micron,TLC,,2100/1000,Entry-Level NVMe
Transcend MTS952T2,SATA/AHCI,M.2,64GB-2TB,,,Yes,N/A,Micron,TLC,,560/520,High-End SATA
Transcend SSD 110S,x4 PCIe 3.0/NVMe,M.2,256GB-1TB,SMI SM2263XT,"Dual-core, 4-ch, 4-CE/ch",No,Yes,Micron,TLC,64,1700/1500,Entry-Level NVMe
Transcend SSD 220S,x4 PCIe 3.0/NVMe,M.2,256GB-2TB,SMI SM2262EN,"Dual-core, 8-ch, 4-CE/ch",Yes,No,Micron,TLC,64,3300/2800,Mid-Range NVMe
Transcend SSD225S,SATA/AHCI,"2.5""",250GB-2TB,Marvell 88SS9190,?,No,N/A,Toshiba/Micron,MLC (Multi-Level Cell),Single-layer,560/500,"Consumer, Mainstream"
Transcend SSD230S,SATA/AHCI,"2.5""",128GB-2TB,SMI SM2258,"Single-core, 4-ch, 8-CE/ch",Yes,N/A,Micron,TLC,32/64,560/520,Mid-Range SATA
Transcend SSD 240S,x4 PCIe 4.0/NVMe,M.2,500GB-1TB,SMI SM2267,"DC (28nm R5), 4-ch, 8-CE/ch",Yes,No,Micron,TLC,96,3800/3200,Mid-Range NVMe
Transcend SSD 245S,x4 PCIe 4.0/NVMe,M.2,500GB-4TB,Realtek RTS5772DL,,Yes (since it's a high-performance controller),No (as there is no mention of HMB in the specifications),Kioxia (formerly Toshiba Memory Corporation),3D TLC (Triple-Level Cell),96,5300/4000,"Consumer, Performance"
Transcend SSD 250S/MTE250S/250H,x4 PCIe 4.0/NVMe,M.2,1TB-4TB,SMI SM2264,"QC (12nm R8), 8-ch, 8-CE/ch",Yes,N/A,Kioxia,TLC,112,7500/6700,High-End NVMe
Transcend SSD250N,SATA/AHCI,"2.5""",1TB-2TB,Marvell 88SS9183,,Yes,N/A,Kioxia (formerly Toshiba),TLC (Triple-Level Cell),MLC (Multi-Level Cell),560/480,Consumer-grade SSD
Transcend SSD420S/820S,SATA/AHCI,M.2,120-960GB,SMI SM2258XT,"Single-core, 4-ch, 4-CE/ch",No,N/A,Micron,TLC,64,550/500,Entry-Level SATA
Transcend SSD430S/830S,SATA/AHCI,M.2,128GB-1TB,SMI SM2258,"Single-core, 4-ch, 8-CE/ch",Yes,N/A,Micron,TLC,64,560/500,Mid-Range SATA
Verbatim Vi3000,x4 PCIe 3.0/NVMe,M.2,256GB-1TB,Phison E13T,"Single-core, 4-ch, 8-CE/ch",No,Yes,Kioxia,TLC,96,3100/2900,Entry-Level NVMe
Verbatim Vi7000G,x4 PCIe 4.0/NVMe,M.2,"1TB, 2TB, 4TB, 8TB",Phison PS5026-E12-11,NVMe 1.3,512MB DDR5,N/A (not supported),Kioxia (formerly Toshiba),Tri-Level MLC,3D TLC,"up to 3500 MB/s read, up to 3000 MB/s write",High-end consumer SSD
Verbatim Vi12000,x4 PCIe 5.0/NVMe,M.2,"1TB, 2TB, 4TB, 8TB",Phison PS5026-E12 (or similar),"SATA III, PCIe NVMe",None (not all Verbatim Vi12000 models have DRAM),None (not applicable for this model),Kioxia (formerly Toshiba) or Micron,3D TLC (Tri-Level Cell),Multi-level cell (MLC),"Read: up to 5300 MB/s, Write: up to 4300 MB/s","Mainstream, Consumer-grade"
VisionTek DLX4,x4 PCIe 4.0/NVMe,M.2,512GB-2TB,InnoGrit IG5220,"Tri-core R5, 4x8",No,Yes,Kioxia,BiCS4,3D TLC,5200/4775,Mid-Range NVMe
VisionTek DLX4 Pro,x4 PCIe 4.0/NVMe,M.2,512GB-4TB,Phison PS5018-E18,,Yes,N/A,Micron,TLC (Tri-Level Cell),,7415/6800,High-End NVMe
WD AN1500,x8 PCIe 3.0/NVMe,AIC,1TB-4TB,2xWD + 88NR2241,2xSN750 controller + RAID,Yes,No,SanDisk,TLC,MLC (since no layers were specified),6500/4100,High-End NVMe
WD Black (later SN750),x4 PCIe 3.0/NVMe,M.2,250GB-2TB,WD Proprietary,"Tri-core, 8-ch, 8-CE/ch",Yes,No,SanDisk,TLC,64,3470/3000,Mid-Range NVMe
WD Blue (2D),SATA/AHCI,"2.5"" & M.2",250GB-1TB,Marvell 88SS1074,"Dual-core, 4-ch, 8-CE/ch",Yes,N/A,SanDisk,TLC,N/A,545/525,Entry-Level SATA
WD Blue 3D,SATA/AHCI,"2.5"" & M.2 (2TB)",250GB-4TB,Marvell 88SS1074,"Dual-core, 4-ch, 8-CE/ch",Yes,N/A,SanDisk,TLC,64,560/530,High-End SATA
WD D30,USB 3.2 Gen 2x1,USB-C,500GB-2TB,WD Proprietary,"Tri-core, 4-ch, 8-CE/ch",No,N/A,SanDisk,TLC,96,900/900,Entry-Level NVMe
WD Green,SATA/AHCI,"2.5"" & M.2 (480GB)",120GB-1TB,SMI SM2258XT,"Single-core, 4-ch, 4-CE/ch",No,N/A,SanDisk,TLC,N/A,545/?,Garbage
WD My Passport SSD (New),USB 3.2 Gen 2x1,USB-C,256GB-2TB,Marvell 88SS1074,"Dual-core, 4-ch, 8-CE/ch",Yes,N/A,SanDisk,TLC,64,540/?,High-End SATA
WD My Passport SSD (NVMe),USB 3.2 Gen 2x1,USB-C,500GB-4TB,WD Proprietary,"Tri-core, 4-ch, 8-CE/ch",No,N/A,SanDisk,TLC,96,1050/1000,Entry-Level NVMe
WD P40,USB 3.2 Gen 2x2,USB-C,500GB-2TB,WD Proprietary,4-Ch,No,Yes,SanDisk,TLC,,2000,Entry-Level NVMe
WD P50,USB 3.2 Gen 2x2,USB-C,500GB-2TB,WD Proprietary,"Tri-core, 8-ch, 8-CE/ch",Yes,No,SanDisk,TLC,64,2000/2000,Mid-Range NVMe
WD SA500/Red,SATA/AHCI,"2.5"" & M.2",500GB-4TB,Marvell 88SS1074,"Dual-core, 4-ch, 8-CE/ch",Yes,N/A,SanDisk,TLC,?,560/530,High-End SATA
WD SA510/Blue,SATA/AHCI,"2.5"" & M.2",250GB-1TB,SanDisk A101,"Single-core, 2-ch, 8-CE/ch",No,N/A,SanDisk,TLC,112,560/520,Entry-Level SATA
WD SN500,x2 PCIe 3.0/NVMe,M.2,250GB-500GB,WD Proprietary,"Tri-core, 4-ch, 8-CE/ch",No,No,SanDisk,TLC,64,1700/1450,Entry-Level NVMe
WD SN350,x4 PCIe 3.0/NVMe,M.2,240GB-2TB,WD Proprietary,"Tri-core, 4-ch, 8-CE/ch",No,Yes,SanDisk,TLC,96,2400/1900,Entry-Level NVMe
WD SN5000,x4 PCIe 4.0/NVMe,M.2,500GB-4TB,WD Proprietary,"Tri-core, 4-ch, 8-CE/ch",No,Yes,SanDisk,TLC,112,5500/5000,Mid-Range NVMe
WD SN550,x4 PCIe 3.0/NVMe,M.2,250GB-2TB,WD Proprietary,"Tri-core, 4-ch, 8-CE/ch",No,Yes,SanDisk,TLC,96,2400/1950,Entry-Level NVMe
WD SN570,x4 PCIe 3.0/NVMe,M.2,250GB-2TB,WD Proprietary,"R5, 4x4",No,Yes,SanDisk,TLC,112,3500/3000,Entry-Level NVMe
WD SN580,x4 PCIe 4.0/NVMe,M.2,250GB-2TB,WD Proprietary,"R5, 4x4",No,Yes,SanDisk,TLC,112,4150/4150,Entry-Level NVMe
WD SN750,x4 PCIe 3.0/NVMe,M.2,250GB-4TB,WD Proprietary,"Tri-core, 8-ch, 8-CE/ch",Yes,No,SanDisk,TLC,64,3470/3000,Mid-Range NVMe
WD SN750 SE,x4 PCIe 4.0/NVMe,M.2,250GB-1TB,Phison E19T,"Single R5 + CoX, 4-ch, 8-CE/ch",No,Yes,SanDisk,TLC,96,3600/2830,Entry-Level NVMe
WD SN770,x4 PCIe 4.0/NVMe,M.2,250GB-2TB,WD Proprietary,"R5, 4x4",No,Yes,SanDisk,TLC,112,5150/4900,Mid-Range NVMe
WD SN850,x4 PCIe 4.0/NVMe,M.2,500GB-2TB,WD Proprietary,"R5, 8x4",Yes,No,SanDisk,TLC,,7000/5300,High-End NVMe
WD SN850X,x4 PCIe 4.0/NVMe,M.2,1TB-4TB,WD Proprietary,"Tri-core, 4-ch, 8-CE/ch",Yes,N/A,SanDisk,TLC,112,7300,High-End NVMe
WD SN850P,x4 PCIe 4.0/NVMe,M.2,1TB-4TB,WD Proprietary,"Tri-core, 4-ch, 8-CE/ch",Yes,N/A,SanDisk,TLC,112,7300,High-End NVMe
Zadak Spark,x4 PCIe 3.0/NVMe,M.2,512GB-2TB,Phison E12S,"Dual R5 + CoX, 8-ch, 4-CE/ch",Yes,No,Kioxia,TLC,[Number of layers not specified],3400/3000,Mid-Range NVMe
Zadak TWSG4S,x4 PCIe 4.0/NVMe,M.2,512GB-2TB,Phison E18,"Triple R5 + CoX, 8-ch, 4-CE/ch",Yes,N/A,Micron,TLC,176,7400/7000,High-End NVMe
Zadak TWSG5,x4 PCIe 5.0/NVMe,M.2,Various (not specified),Phison E26,"Dual DC R5 + 3xCoX, 8-ch, 4-CE/ch",Yes,N/A,Not specified,Not specified,Not specified,13000/12000,Not specified
Samsung PM981,PCIe 3.0 x4 and SATA III,M.2 (2280),"250GB, 500GB, 1TB, 2TB",Samsung Phoenix Controller,"12nm process, 8-channel flash controller",1GB LPDDR3,Not applicable (since it's a consumer-grade SSD),Samsung Kioxia (formerly Toshiba),64-layer TLC (Tri-Level Cell) flash memory,16 layers in the NAND die,Up to 3500 MB/s read and 3000 MB/s write,"Mainstream Consumer, High-Performance Storage"
Samsung PM991,PCIe 3.0 x4,M.2 2280,Use Filter Views under Data,Samsung S4LN512Q1R83,"AHCI, SATA III",1GB,Not applicable (this is an NVMe drive),Samsung,TLC (Tri-Level Cell),,Read/Write,
Samsung PM1733,PCIe 4.0 x4,M.2 2280,My Website,Samsung S3GN02A01,"TLC, QLC",512MB DDR4,,Kioxia (formerly Toshiba),BiCS5 (3D TLC),,"5000 MB/s read, 4900 MB/s write",Consumer SSDs
Kingston A2000,"PCIe 3.0 x4, SATA III",M.2 2280,"250GB, 500GB, 1TB, 2TB",Phison PS5012-E12,Generic AliExpress Affiliate Link,4GB,N/A,Micron,3D TLC,8,"Read: 500 MB/s, Write: 400 MB/s","M.2 SSDs, PCIe SSDs, Kingston SSDs, Phison Controllers, 3D TLC NAND, Generic AliExpress Affiliate Link"
,,,TechpowerUp SSD Database,,Generic AMZN Affiliate Link,,,,,,,
WD Black SN750 NVMe SSD,PCIe 3.0 x4 (x2 lanes per direction),M.2 2280 (22mm x 80mm),Johnny Lucky SSD Database - Warranty & Reviews,Western Digital WD Black SN750 NVMe SSD controller,To maintain this and TPU's SSD DB,512MB or 1GB (depending on capacity),No,Kioxia (formerly Toshiba Memory Corporation),Tri-Level-Cache (TLC) 3D TLC NAND flash memory,64-layer,"Up to 3500 MB/s read, up to 3000 MB/s write","Gaming SSD, High-Performance SSD"
,SATA,M.2,Gabriel's SSD Table,,Thank you!,,,Kioxia (formerly Toshiba),BiCS3,,500/400 MB/s read/write,Client
,,,,Updated 7/8/2024,,,,,,,,
WD Black SN750 NVMe SSD,PCIe 3.0 x4 (x4),M.2 screws (affiliate link),M.2 screws (affiliate link),Western Digital in-house controller,DRIVES CHANGE HW! CHECK NOTES,1GB LPDDR4,8GB HMB2.0,Kioxia (formerly Toshiba),Tri-Level TLC,3D XPoint,"Read: 3400 MB/s, Write: 2900 MB/s","Gaming, High-Performance Storage"
Samsung PM981 M.2 2280 NVMe,"PCIe 3.0 x4, SATA III (6Gb/s)","M.2 (2280), U.2","250GB, 500GB, 1TB",Samsung S3F7X16GC,SEE ------>,256MB LPDDR4,No,Samsung K9JAG8UEMC,MLC (Multi-Level Cell),96 layers,"Sequential Read: up to 3200 MB/s, Sequential Write: up to 2000 MB/s","NVMe SSD, Enterprise-grade SSD"
